lint	rust_path	line	message	classification	eden_symbol_occurrences	eden_counterparts	note
unused_imports	src/common/src/heap_tracker.rs	10	unused imports: `NONE` and `self`	RUST_HYGIENE	NONE:0,self:0	common/heap_tracker.cpp;common/heap_tracker.h	No behavioral Eden counterpart; mechanical Rust cleanup.
unused_imports	src/common/src/heap_tracker.rs	193	unused import: `RBColor`	RUST_HYGIENE	RBColor:0	common/heap_tracker.cpp;common/heap_tracker.h	No behavioral Eden counterpart; mechanical Rust cleanup.
unused_imports	src/common/src/dynamic_library.rs	10	unused import: `CStr`	RUST_HYGIENE	CStr:0	common/dynamic_library.cpp;common/dynamic_library.h	No behavioral Eden counterpart; mechanical Rust cleanup.
unused_imports	src/common/src/time_zone.rs	6	unused import: `std::time::SystemTime`	RUST_HYGIENE	std::time::SystemTime:0	common/time_zone.cpp;common/time_zone.h	No behavioral Eden counterpart; mechanical Rust cleanup.
unused_variables	src/common/src/intrusive_red_black_tree.rs	385	unused variable: `nodes`	PORT_DEBT_OR_RENAMED	nodes:0	common/intrusive_red_black_tree.h	Counterpart exists, but direct normalized symbol matching did not prove a live Eden use; manual ownership review retained.
unused_variables	src/common/src/intrusive_red_black_tree.rs	396	unused variable: `nodes`	PORT_DEBT_OR_RENAMED	nodes:0	common/intrusive_red_black_tree.h	Counterpart exists, but direct normalized symbol matching did not prove a live Eden use; manual ownership review retained.
unused_mut	src/common/src/tree.rs	368	variable does not need to be mutable	RUST_HYGIENE		common/intrusive_red_black_tree.h;common/tree.h	No behavioral Eden counterpart; mechanical Rust cleanup.
dead_code	src/common/src/intrusive_red_black_tree.rs	309	field `head` is never read	PORT_DEBT_OR_RENAMED	head:0	common/intrusive_red_black_tree.h	Counterpart exists, but direct normalized symbol matching did not prove a live Eden use; manual ownership review retained.
dead_code	src/common/src/heap_tracker.rs	31	associated function `new` is never used	CONFIRMED_DEAD_DUPLICATE	new:4	common/heap_tracker.cpp;common/heap_tracker.h	Abandoned intrusive-tree implementation duplicated by the active BTreeMap implementation below.
dead_code	src/common/src/heap_tracker.rs	58	struct `AddrView` is never constructed	CONFIRMED_DEAD_DUPLICATE	AddrView:0	common/heap_tracker.cpp;common/heap_tracker.h	Abandoned intrusive-tree implementation duplicated by the active BTreeMap implementation below.
dead_code	src/common/src/heap_tracker.rs	60	struct `TickView` is never constructed	CONFIRMED_DEAD_DUPLICATE	TickView:0	common/heap_tracker.cpp;common/heap_tracker.h	Abandoned intrusive-tree implementation duplicated by the active BTreeMap implementation below.
dead_code	src/common/src/heap_tracker.rs	67	function `addr_cmp` is never used	CONFIRMED_DEAD_DUPLICATE	addr_cmp:0	common/heap_tracker.cpp;common/heap_tracker.h	Abandoned intrusive-tree implementation duplicated by the active BTreeMap implementation below.
dead_code	src/common/src/heap_tracker.rs	79	function `tick_cmp` is never used	CONFIRMED_DEAD_DUPLICATE	tick_cmp:0	common/heap_tracker.cpp;common/heap_tracker.h	Abandoned intrusive-tree implementation duplicated by the active BTreeMap implementation below.
dead_code	src/common/src/heap_tracker.rs	142	struct `HeapTrackerInner` is never constructed	CONFIRMED_DEAD_DUPLICATE	HeapTrackerInner:0	common/heap_tracker.cpp;common/heap_tracker.h	Abandoned intrusive-tree implementation duplicated by the active BTreeMap implementation below.
dead_code	src/common/src/heap_tracker.rs	159	associated items `new`, `alloc_map`, and `free_map` are never used	CONFIRMED_DEAD_DUPLICATE	new:4,alloc_map:0,free_map:0	common/heap_tracker.cpp;common/heap_tracker.h	Abandoned intrusive-tree implementation duplicated by the active BTreeMap implementation below.
dead_code	src/common/src/heap_tracker.rs	196	function `left` is never used	CONFIRMED_DEAD_DUPLICATE	left:10	common/heap_tracker.cpp;common/heap_tracker.h	Abandoned intrusive-tree implementation duplicated by the active BTreeMap implementation below.
dead_code	src/common/src/heap_tracker.rs	200	function `right` is never used	CONFIRMED_DEAD_DUPLICATE	right:6	common/heap_tracker.cpp;common/heap_tracker.h	Abandoned intrusive-tree implementation duplicated by the active BTreeMap implementation below.
dead_code	src/common/src/heap_tracker.rs	204	function `parent` is never used	CONFIRMED_DEAD_DUPLICATE	parent:0	common/heap_tracker.cpp;common/heap_tracker.h	Abandoned intrusive-tree implementation duplicated by the active BTreeMap implementation below.
dead_code	src/common/src/heap_tracker.rs	210	function `find` is never used	CONFIRMED_DEAD_DUPLICATE	find:2	common/heap_tracker.cpp;common/heap_tracker.h	Abandoned intrusive-tree implementation duplicated by the active BTreeMap implementation below.
dead_code	src/common/src/heap_tracker.rs	226	function `nfind` is never used	CONFIRMED_DEAD_DUPLICATE	nfind:1	common/heap_tracker.cpp;common/heap_tracker.h	Abandoned intrusive-tree implementation duplicated by the active BTreeMap implementation below.
dead_code	src/common/src/heap_tracker.rs	244	function `next` is never used	CONFIRMED_DEAD_DUPLICATE	next:11	common/heap_tracker.cpp;common/heap_tracker.h	Abandoned intrusive-tree implementation duplicated by the active BTreeMap implementation below.
dead_code	src/common/src/heap_tracker.rs	266	function `min` is never used	CONFIRMED_DEAD_DUPLICATE	min:2	common/heap_tracker.cpp;common/heap_tracker.h	Abandoned intrusive-tree implementation duplicated by the active BTreeMap implementation below.
dead_code	src/common/src/logging/backend.rs	23	method `enable_for_stacktrace` is never used	CONFIRMED_DEAD_OBSOLETE	enable_for_stacktrace:0	common/logging.cpp;common/logging.h	The current Eden backend has no stacktrace-enable hook; Ruzu's old trait member has no caller.
dead_code	src/common/src/logging/backend.rs	30	struct `ColorConsoleBackend` is never constructed	CONFIRMED_DEAD_OBSOLETE	ColorConsoleBackend:7	common/logging.cpp;common/logging.h	Ruzu retained an abandoned first backend implementation; the active logger uses COLOR_FLAG and print_colored_message directly.
dead_code	src/common/src/logging/backend.rs	34	associated items `new` and `set_enabled` are never used	CONFIRMED_DEAD_OBSOLETE	new:0,set_enabled:0	common/logging.cpp;common/logging.h	Methods belong to the abandoned Rust ColorConsoleBackend; Eden mutates its active backend's enabled flag directly.
dead_code	src/common/src/logging/backend.rs	123	struct `LoggerImpl` is never constructed	CONFIRMED_DEAD_OBSOLETE	LoggerImpl:0	common/logging.cpp;common/logging.h	Superseded locally by LoggerState; Eden has one active Impl rather than two competing state containers.
dead_code	src/common/src/logging/backend.rs	160	field `color_console_enabled` is never read	CONFIRMED_DEAD_OBSOLETE	color_console_enabled:0	common/logging.cpp;common/logging.h	Redundant with the active COLOR_FLAG Arc; writes are routed to COLOR_FLAG and never to this field.
dead_code	src/common/src/x64/cpu_wait.rs	47	field `0` is never read	LAYOUT_ANCHOR	0:0		Tuple payload exists to provide aligned storage whose address is passed to MONITORX.
unused_mut	externals/rxbyak/src/platform/unix.rs	9	variable does not need to be mutable	RUST_HYGIENE			No behavioral Eden counterpart; mechanical Rust cleanup.
dead_code	externals/rxbyak/src/encode.rs	41	method `emit_evex_leg` is never used	BACKEND_PORT_DEBT_OR_FALLBACK	emit_evex_leg:0		Backend/fallback code is not reached by the current host-feature dispatch; compare with embedded Dynarmic rather than Eden core.
unused_imports	src/rdynarmic/src/backend/x64/block_of_code.rs	3	unused import: `rxbyak::xmmword_ptr`	RUST_HYGIENE	rxbyak::xmmword_ptr:0	dynarmic/src/dynarmic/backend/x64/block_of_code.cpp;dynarmic/src/dynarmic/backend/x64/block_of_code.h	No behavioral Eden counterpart; mechanical Rust cleanup.
unused_imports	src/rdynarmic/src/backend/x64/emit_memory.rs	1	unused imports: `RSP`, `RegExp`, `qword_ptr`, and `xmmword_ptr`	RUST_HYGIENE	RSP:0,RegExp:0,qword_ptr:0,xmmword_ptr:0		No behavioral Eden counterpart; mechanical Rust cleanup.
unused_imports	src/rdynarmic/src/frontend/a32/translate/data_processing.rs	2	unused import: `arm_expand_imm`	RUST_HYGIENE	arm_expand_imm:0		No behavioral Eden counterpart; mechanical Rust cleanup.
unused_imports	src/rdynarmic/src/frontend/a32/translate/mod.rs	31	unused import: `Thumb32InstId`	RUST_HYGIENE	Thumb32InstId:0		No behavioral Eden counterpart; mechanical Rust cleanup.
unused_imports	src/rdynarmic/src/jit.rs	15	unused import: `OptimizationFlag`	RUST_HYGIENE	OptimizationFlag:0		No behavioral Eden counterpart; mechanical Rust cleanup.
unused_variables	src/rdynarmic/src/backend/x64/a32_emit_a32.rs	2439	unused variable: `ctx`	BACKEND_PORT_DEBT_OR_FALLBACK	ctx:0		Backend/fallback code is not reached by the current host-feature dispatch; compare with embedded Dynarmic rather than Eden core.
unused_variables	src/rdynarmic/src/backend/x64/a64_emit_x64_memory.rs	252	unused variable: `local`	BACKEND_PORT_DEBT_OR_FALLBACK	local:0	dynarmic/src/dynarmic/backend/x64/a64_emit_x64_memory.cpp	Backend/fallback code is not reached by the current host-feature dispatch; compare with embedded Dynarmic rather than Eden core.
unused_variables	src/rdynarmic/src/backend/x64/a64_emit_x64_memory.rs	1036	unused variable: `value_reg`	BACKEND_PORT_DEBT_OR_FALLBACK	value_reg:0	dynarmic/src/dynarmic/backend/x64/a64_emit_x64_memory.cpp	Backend/fallback code is not reached by the current host-feature dispatch; compare with embedded Dynarmic rather than Eden core.
unused_variables	src/rdynarmic/src/frontend/a32/decoder.rs	787	unused variable: `op2`	BACKEND_PORT_DEBT_OR_FALLBACK	op2:0		Backend/fallback code is not reached by the current host-feature dispatch; compare with embedded Dynarmic rather than Eden core.
unused_variables	src/rdynarmic/src/frontend/a32/decoder.rs	859	unused variable: `instr`	BACKEND_PORT_DEBT_OR_FALLBACK	instr:0		Backend/fallback code is not reached by the current host-feature dispatch; compare with embedded Dynarmic rather than Eden core.
unused_variables	src/rdynarmic/src/frontend/a32/decoder.rs	906	unused variable: `op`	BACKEND_PORT_DEBT_OR_FALLBACK	op:0		Backend/fallback code is not reached by the current host-feature dispatch; compare with embedded Dynarmic rather than Eden core.
unused_variables	src/rdynarmic/src/frontend/a32/decoder_thumb32.rs	434	unused variable: `op`	BACKEND_PORT_DEBT_OR_FALLBACK	op:0		Backend/fallback code is not reached by the current host-feature dispatch; compare with embedded Dynarmic rather than Eden core.
unused_variables	src/rdynarmic/src/frontend/a32/translate/saturated.rs	9	unused variable: `sat_imm`	BACKEND_PORT_DEBT_OR_FALLBACK	sat_imm:0		Backend/fallback code is not reached by the current host-feature dispatch; compare with embedded Dynarmic rather than Eden core.
unused_variables	src/rdynarmic/src/frontend/a32/translate/saturated.rs	39	unused variable: `sat_imm`	BACKEND_PORT_DEBT_OR_FALLBACK	sat_imm:0		Backend/fallback code is not reached by the current host-feature dispatch; compare with embedded Dynarmic rather than Eden core.
unused_assignments	src/rdynarmic/src/frontend/a32/translate/thumb16.rs	930	value assigned to `addr` is never read	BACKEND_PORT_DEBT_OR_FALLBACK	addr:0		Backend/fallback code is not reached by the current host-feature dispatch; compare with embedded Dynarmic rather than Eden core.
unused_variables	src/rdynarmic/src/frontend/a32/translate/thumb32.rs	468	unused variable: `rn`	BACKEND_PORT_DEBT_OR_FALLBACK	rn:0		Backend/fallback code is not reached by the current host-feature dispatch; compare with embedded Dynarmic rather than Eden core.
unused_assignments	src/rdynarmic/src/frontend/a64/translate/mod.rs	75	value assigned to `should_continue` is never read	BACKEND_PORT_DEBT_OR_FALLBACK	should_continue:0		Backend/fallback code is not reached by the current host-feature dispatch; compare with embedded Dynarmic rather than Eden core.
unused_assignments	src/rdynarmic/src/ir/opt/a32_get_set_elimination.rs	122	value assigned to `c_flag` is never read	BACKEND_PORT_DEBT_OR_FALLBACK	c_flag:0		Backend/fallback code is not reached by the current host-feature dispatch; compare with embedded Dynarmic rather than Eden core.
dead_code	src/rdynarmic/src/backend/x64/block_of_code.rs	138	function `xmm_save_base` is never used	BACKEND_PORT_DEBT_OR_FALLBACK	xmm_save_base:0	dynarmic/src/dynarmic/backend/x64/block_of_code.cpp;dynarmic/src/dynarmic/backend/x64/block_of_code.h	Backend/fallback code is not reached by the current host-feature dispatch; compare with embedded Dynarmic rather than Eden core.
dead_code	src/rdynarmic/src/backend/x64/emit_vector_arrangement.rs	170	function `fallback_broadcast8` is never used	BACKEND_PORT_DEBT_OR_FALLBACK	fallback_broadcast8:0		Backend/fallback code is not reached by the current host-feature dispatch; compare with embedded Dynarmic rather than Eden core.
dead_code	src/rdynarmic/src/backend/x64/emit_vector_arrangement.rs	171	function `fallback_broadcast16` is never used	BACKEND_PORT_DEBT_OR_FALLBACK	fallback_broadcast16:0		Backend/fallback code is not reached by the current host-feature dispatch; compare with embedded Dynarmic rather than Eden core.
dead_code	src/rdynarmic/src/backend/x64/emit_vector_arrangement.rs	172	function `fallback_broadcast32` is never used	BACKEND_PORT_DEBT_OR_FALLBACK	fallback_broadcast32:0		Backend/fallback code is not reached by the current host-feature dispatch; compare with embedded Dynarmic rather than Eden core.
dead_code	src/rdynarmic/src/backend/x64/emit_vector_arrangement.rs	173	function `fallback_broadcast64` is never used	BACKEND_PORT_DEBT_OR_FALLBACK	fallback_broadcast64:0		Backend/fallback code is not reached by the current host-feature dispatch; compare with embedded Dynarmic rather than Eden core.
dead_code	src/rdynarmic/src/backend/x64/emit_vector_arrangement.rs	293	function `fallback_broadcast_lower8` is never used	BACKEND_PORT_DEBT_OR_FALLBACK	fallback_broadcast_lower8:0		Backend/fallback code is not reached by the current host-feature dispatch; compare with embedded Dynarmic rather than Eden core.
dead_code	src/rdynarmic/src/backend/x64/emit_vector_arrangement.rs	294	function `fallback_broadcast_lower16` is never used	BACKEND_PORT_DEBT_OR_FALLBACK	fallback_broadcast_lower16:0		Backend/fallback code is not reached by the current host-feature dispatch; compare with embedded Dynarmic rather than Eden core.
dead_code	src/rdynarmic/src/backend/x64/emit_vector_arrangement.rs	295	function `fallback_broadcast_lower32` is never used	BACKEND_PORT_DEBT_OR_FALLBACK	fallback_broadcast_lower32:0		Backend/fallback code is not reached by the current host-feature dispatch; compare with embedded Dynarmic rather than Eden core.
dead_code	src/rdynarmic/src/backend/x64/emit_vector_arrangement.rs	504	function `fallback_deinterleave_even8` is never used	BACKEND_PORT_DEBT_OR_FALLBACK	fallback_deinterleave_even8:0		Backend/fallback code is not reached by the current host-feature dispatch; compare with embedded Dynarmic rather than Eden core.
dead_code	src/rdynarmic/src/backend/x64/emit_vector_arrangement.rs	505	function `fallback_deinterleave_even16` is never used	BACKEND_PORT_DEBT_OR_FALLBACK	fallback_deinterleave_even16:0		Backend/fallback code is not reached by the current host-feature dispatch; compare with embedded Dynarmic rather than Eden core.
dead_code	src/rdynarmic/src/backend/x64/emit_vector_arrangement.rs	506	function `fallback_deinterleave_even32` is never used	BACKEND_PORT_DEBT_OR_FALLBACK	fallback_deinterleave_even32:0		Backend/fallback code is not reached by the current host-feature dispatch; compare with embedded Dynarmic rather than Eden core.
dead_code	src/rdynarmic/src/backend/x64/emit_vector_arrangement.rs	507	function `fallback_deinterleave_even64` is never used	BACKEND_PORT_DEBT_OR_FALLBACK	fallback_deinterleave_even64:0		Backend/fallback code is not reached by the current host-feature dispatch; compare with embedded Dynarmic rather than Eden core.
dead_code	src/rdynarmic/src/backend/x64/emit_vector_arrangement.rs	508	function `fallback_deinterleave_odd8` is never used	BACKEND_PORT_DEBT_OR_FALLBACK	fallback_deinterleave_odd8:0		Backend/fallback code is not reached by the current host-feature dispatch; compare with embedded Dynarmic rather than Eden core.
dead_code	src/rdynarmic/src/backend/x64/emit_vector_arrangement.rs	509	function `fallback_deinterleave_odd16` is never used	BACKEND_PORT_DEBT_OR_FALLBACK	fallback_deinterleave_odd16:0		Backend/fallback code is not reached by the current host-feature dispatch; compare with embedded Dynarmic rather than Eden core.
dead_code	src/rdynarmic/src/backend/x64/emit_vector_arrangement.rs	510	function `fallback_deinterleave_odd32` is never used	BACKEND_PORT_DEBT_OR_FALLBACK	fallback_deinterleave_odd32:0		Backend/fallback code is not reached by the current host-feature dispatch; compare with embedded Dynarmic rather than Eden core.
dead_code	src/rdynarmic/src/backend/x64/emit_vector_arrangement.rs	511	function `fallback_deinterleave_odd64` is never used	BACKEND_PORT_DEBT_OR_FALLBACK	fallback_deinterleave_odd64:0		Backend/fallback code is not reached by the current host-feature dispatch; compare with embedded Dynarmic rather than Eden core.
dead_code	src/rdynarmic/src/backend/x64/emit_vector_arrangement.rs	905	function `fallback_narrow16` is never used	BACKEND_PORT_DEBT_OR_FALLBACK	fallback_narrow16:0		Backend/fallback code is not reached by the current host-feature dispatch; compare with embedded Dynarmic rather than Eden core.
dead_code	src/rdynarmic/src/backend/x64/emit_vector_arrangement.rs	918	function `fallback_narrow32` is never used	BACKEND_PORT_DEBT_OR_FALLBACK	fallback_narrow32:0		Backend/fallback code is not reached by the current host-feature dispatch; compare with embedded Dynarmic rather than Eden core.
dead_code	src/rdynarmic/src/backend/x64/emit_vector_arrangement.rs	929	function `fallback_narrow64` is never used	BACKEND_PORT_DEBT_OR_FALLBACK	fallback_narrow64:0		Backend/fallback code is not reached by the current host-feature dispatch; compare with embedded Dynarmic rather than Eden core.
dead_code	src/rdynarmic/src/backend/x64/emit_vector_arrangement.rs	1039	function `fallback_sign_extend64` is never used	BACKEND_PORT_DEBT_OR_FALLBACK	fallback_sign_extend64:0		Backend/fallback code is not reached by the current host-feature dispatch; compare with embedded Dynarmic rather than Eden core.
dead_code	src/rdynarmic/src/backend/x64/emit_vector_arrangement.rs	1087	function `fallback_zero_extend64` is never used	BACKEND_PORT_DEBT_OR_FALLBACK	fallback_zero_extend64:0		Backend/fallback code is not reached by the current host-feature dispatch; compare with embedded Dynarmic rather than Eden core.
dead_code	src/rdynarmic/src/backend/x64/emit_vector_basic.rs	158	function `fallback_vector_clz8` is never used	BACKEND_PORT_DEBT_OR_FALLBACK	fallback_vector_clz8:0		Backend/fallback code is not reached by the current host-feature dispatch; compare with embedded Dynarmic rather than Eden core.
dead_code	src/rdynarmic/src/backend/x64/emit_vector_basic.rs	280	function `fallback_vector_popcount` is never used	BACKEND_PORT_DEBT_OR_FALLBACK	fallback_vector_popcount:0		Backend/fallback code is not reached by the current host-feature dispatch; compare with embedded Dynarmic rather than Eden core.
dead_code	src/rdynarmic/src/backend/x64/emit_vector_basic.rs	348	function `fallback_vector_reverse_bits` is never used	BACKEND_PORT_DEBT_OR_FALLBACK	fallback_vector_reverse_bits:0		Backend/fallback code is not reached by the current host-feature dispatch; compare with embedded Dynarmic rather than Eden core.
dead_code	src/rdynarmic/src/backend/x64/emit_vector_misc.rs	188	function `fallback_rhadd_u8` is never used	BACKEND_PORT_DEBT_OR_FALLBACK	fallback_rhadd_u8:0		Backend/fallback code is not reached by the current host-feature dispatch; compare with embedded Dynarmic rather than Eden core.
dead_code	src/rdynarmic/src/backend/x64/emit_vector_misc.rs	189	function `fallback_rhadd_u16` is never used	BACKEND_PORT_DEBT_OR_FALLBACK	fallback_rhadd_u16:0		Backend/fallback code is not reached by the current host-feature dispatch; compare with embedded Dynarmic rather than Eden core.
dead_code	src/rdynarmic/src/backend/x64/emit_vector_multiply.rs	187	function `fallback_mul_signed_widen16` is never used	BACKEND_PORT_DEBT_OR_FALLBACK	fallback_mul_signed_widen16:0		Backend/fallback code is not reached by the current host-feature dispatch; compare with embedded Dynarmic rather than Eden core.
dead_code	src/rdynarmic/src/backend/x64/emit_vector_multiply.rs	203	function `fallback_mul_signed_widen32` is never used	BACKEND_PORT_DEBT_OR_FALLBACK	fallback_mul_signed_widen32:0		Backend/fallback code is not reached by the current host-feature dispatch; compare with embedded Dynarmic rather than Eden core.
dead_code	src/rdynarmic/src/backend/x64/emit_vector_multiply.rs	296	function `fallback_mul_unsigned_widen16` is never used	BACKEND_PORT_DEBT_OR_FALLBACK	fallback_mul_unsigned_widen16:0		Backend/fallback code is not reached by the current host-feature dispatch; compare with embedded Dynarmic rather than Eden core.
dead_code	src/rdynarmic/src/backend/x64/emit_vector_multiply.rs	312	function `fallback_mul_unsigned_widen32` is never used	BACKEND_PORT_DEBT_OR_FALLBACK	fallback_mul_unsigned_widen32:0		Backend/fallback code is not reached by the current host-feature dispatch; compare with embedded Dynarmic rather than Eden core.
dead_code	src/rdynarmic/src/backend/x64/emit_vector_multiply.rs	597	function `fallback_paired_add16` is never used	BACKEND_PORT_DEBT_OR_FALLBACK	fallback_paired_add16:0		Backend/fallback code is not reached by the current host-feature dispatch; compare with embedded Dynarmic rather than Eden core.
dead_code	src/rdynarmic/src/backend/x64/emit_vector_multiply.rs	598	function `fallback_paired_add32` is never used	BACKEND_PORT_DEBT_OR_FALLBACK	fallback_paired_add32:0		Backend/fallback code is not reached by the current host-feature dispatch; compare with embedded Dynarmic rather than Eden core.
dead_code	src/rdynarmic/src/backend/x64/emit_vector_multiply.rs	738	function `fallback_paired_add_signed_widen16` is never used	BACKEND_PORT_DEBT_OR_FALLBACK	fallback_paired_add_signed_widen16:0		Backend/fallback code is not reached by the current host-feature dispatch; compare with embedded Dynarmic rather than Eden core.
dead_code	src/rdynarmic/src/backend/x64/emit_vector_multiply.rs	805	function `fallback_paired_add_unsigned_widen8` is never used	BACKEND_PORT_DEBT_OR_FALLBACK	fallback_paired_add_unsigned_widen8:0		Backend/fallback code is not reached by the current host-feature dispatch; compare with embedded Dynarmic rather than Eden core.
dead_code	src/rdynarmic/src/backend/x64/exception_handler.rs	98	field `installed` is never read	BACKEND_PORT_DEBT_OR_FALLBACK	installed:0	dynarmic/src/dynarmic/backend/x64/exception_handler_windows.cpp	Backend/fallback code is not reached by the current host-feature dispatch; compare with embedded Dynarmic rather than Eden core.
dead_code	src/rdynarmic/src/backend/x64/jit_state.rs	310	constant `FPSCR_NZCV_MASK` is never used	BACKEND_PORT_DEBT_OR_FALLBACK	FPSCR_NZCV_MASK:0		Backend/fallback code is not reached by the current host-feature dispatch; compare with embedded Dynarmic rather than Eden core.
dead_code	src/rdynarmic/src/frontend/a64/translate/simd_scalar_three_same.rs	344	variant `Eq` is never constructed	BACKEND_PORT_DEBT_OR_FALLBACK	Eq:0		Backend/fallback code is not reached by the current host-feature dispatch; compare with embedded Dynarmic rather than Eden core.
dead_code	src/rdynarmic/src/frontend/a64/translate/simd_scalar_two_register_misc.rs	30	variant `Eq` is never constructed	BACKEND_PORT_DEBT_OR_FALLBACK	Eq:0		Backend/fallback code is not reached by the current host-feature dispatch; compare with embedded Dynarmic rather than Eden core.
unused_imports	src/hid_core/src/hidbus/hidbus_base.rs	6	unused import: `common::ResultCode`	RUST_HYGIENE	common::ResultCode:0	hid_core/hidbus/hidbus_base.cpp;hid_core/hidbus/hidbus_base.h	No behavioral Eden counterpart; mechanical Rust cleanup.
unused_imports	src/hid_core/src/resources/abstracted_pad/abstract_mcu_handler.rs	9	unused import: `crate::resources::npad::npad_types::IAbstractedPad`	RUST_HYGIENE	crate::resources::npad::npad_types::IAbstractedPad:0	hid_core/resources/abstracted_pad/abstract_mcu_handler.cpp;hid_core/resources/abstracted_pad/abstract_mcu_handler.h	No behavioral Eden counterpart; mechanical Rust cleanup.
dead_code	src/hid_core/src/frontend/emulated_console.rs	60	field `motion_sensitivity` is never read	CONFIRMED_PARITY_DEBT	motion_sensitivity:3	hid_core/frontend/emulated_console.cpp;hid_core/frontend/emulated_console.h	Matching symbol is used by the corresponding Eden file but unconsumed in Ruzu.
dead_code	src/hid_core/src/frontend/emulated_devices.rs	45	methods `update_key` and `trigger_on_change` are never used	CONFIRMED_PARITY_DEBT	update_key:3,trigger_on_change:12	hid_core/frontend/emulated_devices.cpp;hid_core/frontend/emulated_devices.h	Matching symbol is used by the corresponding Eden file but unconsumed in Ruzu.
dead_code	src/hid_core/src/hidbus/ringcon.rs	71	variant `Cal` is never constructed	PORT_DEBT_OR_RENAMED	Cal:1	hid_core/hidbus/ringcon.cpp;hid_core/hidbus/ringcon.h	Counterpart exists, but direct normalized symbol matching did not prove a live Eden use; manual ownership review retained.
dead_code	src/hid_core/src/hidbus/ringcon.rs	110	struct `RingConData` is never constructed	CONFIRMED_PARITY_DEBT	RingConData:8	hid_core/hidbus/ringcon.cpp;hid_core/hidbus/ringcon.h	Matching symbol is used by the corresponding Eden file but unconsumed in Ruzu.
dead_code	src/hid_core/src/irsensor/clustering_processor.rs	13	constant `FORMAT` is never used	CONFIRMED_PARITY_DEBT	FORMAT:4	hid_core/irsensor/clustering_processor.cpp;hid_core/irsensor/clustering_processor.h	Matching symbol is used by the corresponding Eden file but unconsumed in Ruzu.
dead_code	src/hid_core/src/resources/abstracted_pad/abstract_button_handler.rs	12	fields `left` and `right` are never read	UPSTREAM_DORMANT_STATE	left:1,right:1	hid_core/resources/abstracted_pad/abstract_button_handler.cpp;hid_core/resources/abstracted_pad/abstract_button_handler.h	Matching state is only declared in the Eden counterpart too.
dead_code	src/hid_core/src/resources/abstracted_pad/abstract_button_handler.rs	27	fields `gc_sampling_number` and `gc_trigger_state` are never read	UPSTREAM_DORMANT_STATE	gc_sampling_number:1,gc_trigger_state:1	hid_core/resources/abstracted_pad/abstract_button_handler.cpp;hid_core/resources/abstracted_pad/abstract_button_handler.h	Matching state is only declared in the Eden counterpart too.
dead_code	src/hid_core/src/resources/abstracted_pad/abstract_button_handler.rs	45	multiple methods are never used	PORT_DEBT_OR_RENAMED		hid_core/resources/abstracted_pad/abstract_button_handler.cpp;hid_core/resources/abstracted_pad/abstract_button_handler.h	Counterpart exists, but direct normalized symbol matching did not prove a live Eden use; manual ownership review retained.
dead_code	src/hid_core/src/resources/abstracted_pad/abstract_led_handler.rs	12	field `led_interval` is never read	UPSTREAM_DORMANT_STATE	led_interval:1	hid_core/resources/abstracted_pad/abstract_led_handler.cpp;hid_core/resources/abstracted_pad/abstract_led_handler.h	Matching state is only declared in the Eden counterpart too.
dead_code	src/hid_core/src/resources/abstracted_pad/abstract_pad.rs	24	field `abstract_pad_holder` is never read	CONFIRMED_PARITY_DEBT	abstract_pad_holder:15	hid_core/resources/abstracted_pad/abstract_pad.cpp;hid_core/resources/abstracted_pad/abstract_pad.h;hid_core/resources/abstracted_pad/abstract_pad_holder.cpp;hid_core/resources/abstracted_pad/abstract_pad_holder.h	Matching symbol is used by the corresponding Eden file but unconsumed in Ruzu.
dead_code	src/hid_core/src/resources/abstracted_pad/abstract_pad_holder.rs	12	field `interface_type` is never read	CONFIRMED_PARITY_DEBT	interface_type:3	hid_core/resources/abstracted_pad/abstract_pad_holder.cpp;hid_core/resources/abstracted_pad/abstract_pad_holder.h	Matching symbol is used by the corresponding Eden file but unconsumed in Ruzu.
dead_code	src/hid_core/src/resources/abstracted_pad/abstract_properties_handler.rs	14	multiple fields are never read	PORT_DEBT_OR_RENAMED		hid_core/resources/abstracted_pad/abstract_properties_handler.cpp;hid_core/resources/abstracted_pad/abstract_properties_handler.h	Counterpart exists, but direct normalized symbol matching did not prove a live Eden use; manual ownership review retained.
dead_code	src/hid_core/src/resources/abstracted_pad/abstract_sixaxis_handler.rs	21	methods `update_sixaxis_fullkey_lifo`, `update_six_axis_palma_lifo`, `update_sixaxis_handheld_lifo`, `update_sixaxis_dual_lifo`, `update_sixaxis_left_lifo`, and `update_sixaxis_right_lifo` are never used	CONFIRMED_PARITY_DEBT	update_sixaxis_fullkey_lifo:3,update_six_axis_palma_lifo:3,update_sixaxis_handheld_lifo:3,update_sixaxis_dual_lifo:4,update_sixaxis_left_lifo:3,update_sixaxis_right_lifo:3	hid_core/resources/abstracted_pad/abstract_sixaxis_handler.cpp;hid_core/resources/abstracted_pad/abstract_sixaxis_handler.h	Matching symbol is used by the corresponding Eden file but unconsumed in Ruzu.
dead_code	src/hid_core/src/resources/hid_firmware_settings.rs	51	field `is_firmware_update_failure_emulated` is never read	CONFIRMED_PARITY_DEBT	is_firmware_update_failure_emulated:2	hid_core/resources/hid_firmware_settings.cpp;hid_core/resources/hid_firmware_settings.h	Matching symbol is used by the corresponding Eden file but unconsumed in Ruzu.
unused_imports	src/web_service/src/announce_room_json.rs	11	unused import: `self`	RUST_HYGIENE	self:0	web_service/announce_room_json.cpp;web_service/announce_room_json.h	No behavioral Eden counterpart; mechanical Rust cleanup.
unused_imports	src/web_service/src/telemetry_json.rs	12	unused import: `crate::web_backend::Client`	RUST_HYGIENE	crate::web_backend::Client:0		No behavioral Eden counterpart; mechanical Rust cleanup.
unused_imports	src/web_service/src/verify_login.rs	9	unused import: `crate::web_result::WebResultCode`	RUST_HYGIENE	crate::web_result::WebResultCode:0	web_service/verify_login.cpp;web_service/verify_login.h	No behavioral Eden counterpart; mechanical Rust cleanup.
dead_code	src/web_service/src/telemetry_json.rs	38	fields `host`, `username`, and `token` are never read	CONFIRMED_DEAD_OBSOLETE	host:0,username:0,token:0		Current Eden no longer contains telemetry_json.* and no Ruzu production caller constructs TelemetryJson; this is an obsolete old-upstream port.
unused_variables	src/shader_recompiler/src/pipeline_cache.rs	189	unused variable: `stage`	CONFIRMED_PARITY_DEBT	stage:many	shader_recompiler/frontend/maxwell/structured_control_flow.cpp;shader_recompiler/frontend/maxwell/translate_program.cpp	The simplified Ruzu action materializer drops stage context that Eden carries through Environment/Program translation.
unused_variables	src/shader_recompiler/src/pipeline_cache.rs	190	unused variable: `base_offset`	CONFIRMED_PARITY_DEBT	base_offset:many	shader_recompiler/frontend/maxwell/control_flow.cpp;shader_recompiler/frontend/maxwell/translate_program.cpp	The simplified materializer does not use the guest shader base offset; Eden's environment and CFG translation retain it.
dead_code	src/shader_recompiler/src/frontend/structured_control_flow.rs	13	variants `Identity`, `Not`, `Or`, `Variable`, and `IndirectBranchCond` are never constructed	CONFIRMED_PARITY_DEBT	Identity:many,Not:many,Or:many,Variable:many,IndirectBranchCond:many	shader_recompiler/frontend/maxwell/structured_control_flow.cpp	All variants are constructed and consumed by Eden's full structured-control-flow pass; Ruzu's pass is partial.
dead_code	src/shader_recompiler/src/frontend/structured_control_flow.rs	33	function `has_children` is never used	CONFIRMED_PARITY_DEBT	has_children:2	shader_recompiler/frontend/maxwell/structured_control_flow.cpp	Eden uses HasChildren for union/tree destruction; the warning reflects Ruzu's incomplete statement-tree implementation.
dead_code	src/shader_recompiler/src/frontend/structured_control_flow.rs	97	variant `Function` is never constructed	CONFIRMED_PARITY_DEBT	Function:many	shader_recompiler/frontend/maxwell/structured_control_flow.cpp	Eden creates a Function root and traverses its children; Ruzu's partial pass never builds it.
dead_code	src/shader_recompiler/src/pipeline_cache.rs	417	function `maxwell_opcode_is_unknown` is never used	CONFIRMED_DEAD_OBSOLETE	maxwell_opcode_is_unknown:0	shader_recompiler/frontend/maxwell/translate/translate.cpp	Ruzu already performs decode_opcode(...).is_none() at the real decoder/control-flow call sites; this wrapper has no Eden method counterpart.
unused_imports	src/input_common/src/drivers/android.rs	16	unused import: `VibrationRequest`	RUST_HYGIENE	VibrationRequest:3	input_common/drivers/android.cpp;input_common/drivers/android.h	No behavioral Eden counterpart; mechanical Rust cleanup.
unused_imports	src/input_common/src/drivers/gc_adapter.rs	12	unused import: `common::uuid::UUID`	RUST_HYGIENE	common::uuid::UUID:0	input_common/drivers/gc_adapter.cpp;input_common/drivers/gc_adapter.h	No behavioral Eden counterpart; mechanical Rust cleanup.
unused_imports	src/input_common/src/drivers/joycon.rs	13	unused imports: `BatteryLevel`, `BodyColorStatus`, `CameraStatus`, and `NfcStatus`	RUST_HYGIENE	BatteryLevel:7,BodyColorStatus:1,CameraStatus:0,NfcStatus:3	input_common/drivers/joycon.cpp;input_common/drivers/joycon.h	No behavioral Eden counterpart; mechanical Rust cleanup.
unused_imports	src/input_common/src/drivers/joycon.rs	21	unused imports: `Color`, `IrsMode`, `IrsResolution`, `MifareCmd`, `MifareReadChunk`, `MifareReadData`, `MifareWriteChunk`, `SerialNumber`, `VibrationValue`, and `self`	RUST_HYGIENE	Color:6,IrsMode:1,IrsResolution:5,MifareCmd:2,MifareReadChunk:4,MifareReadData:1,MifareWriteChunk:3,SerialNumber:6,VibrationValue:1,self:0	input_common/drivers/joycon.cpp;input_common/drivers/joycon.h	No behavioral Eden counterpart; mechanical Rust cleanup.
unused_imports	src/input_common/src/helpers/joycon_driver.rs	9	unused import: `std::sync::Arc`	RUST_HYGIENE	std::sync::Arc:0	input_common/helpers/joycon_driver.cpp;input_common/helpers/joycon_driver.h	No behavioral Eden counterpart; mechanical Rust cleanup.
unused_imports	src/input_common/src/helpers/joycon_protocol/joycon_types.rs	11	unused import: `std::fmt`	RUST_HYGIENE	std::fmt:0	input_common/helpers/joycon_protocol/joycon_types.h	No behavioral Eden counterpart; mechanical Rust cleanup.
unused_imports	src/input_common/src/input_engine.rs	16	unused import: `InputDevice`	RUST_HYGIENE	InputDevice:0	input_common/input_engine.cpp;input_common/input_engine.h	No behavioral Eden counterpart; mechanical Rust cleanup.
unused_variables	src/input_common/src/drivers/joycon.rs	75	unused variable: `led_status`	CONFIRMED_PARITY_DEBT	led_status:8	input_common/drivers/joycon.cpp;input_common/drivers/joycon.h	Matching symbol is used by the corresponding Eden file but unconsumed in Ruzu.
unused_mut	src/input_common/src/helpers/joycon_driver.rs	480	variable does not need to be mutable	RUST_HYGIENE		input_common/helpers/joycon_driver.cpp;input_common/helpers/joycon_driver.h	No behavioral Eden counterpart; mechanical Rust cleanup.
unused_variables	src/input_common/src/helpers/joycon_driver.rs	480	unused variable: `buffer`	CONFIRMED_PARITY_DEBT	buffer:16	input_common/helpers/joycon_driver.cpp;input_common/helpers/joycon_driver.h	Matching symbol is used by the corresponding Eden file but unconsumed in Ruzu.
dead_code	src/input_common/src/drivers/android.rs	21	constant `AXIS_X` is never used	PLATFORM_DEFERRED	AXIS_X:7	input_common/drivers/android.cpp;input_common/drivers/android.h	Eden uses this on Android/AArch64; inactive on the current Linux x86_64 build.
dead_code	src/input_common/src/drivers/android.rs	22	constant `AXIS_Y` is never used	PLATFORM_DEFERRED	AXIS_Y:7	input_common/drivers/android.cpp;input_common/drivers/android.h	Eden uses this on Android/AArch64; inactive on the current Linux x86_64 build.
dead_code	src/input_common/src/drivers/android.rs	23	constant `AXIS_Z` is never used	PLATFORM_DEFERRED	AXIS_Z:3	input_common/drivers/android.cpp;input_common/drivers/android.h	Eden uses this on Android/AArch64; inactive on the current Linux x86_64 build.
dead_code	src/input_common/src/drivers/android.rs	24	constant `AXIS_RX` is never used	PLATFORM_DEFERRED	AXIS_RX:3	input_common/drivers/android.cpp;input_common/drivers/android.h	Eden uses this on Android/AArch64; inactive on the current Linux x86_64 build.
dead_code	src/input_common/src/drivers/android.rs	25	constant `AXIS_RY` is never used	PLATFORM_DEFERRED	AXIS_RY:3	input_common/drivers/android.cpp;input_common/drivers/android.h	Eden uses this on Android/AArch64; inactive on the current Linux x86_64 build.
dead_code	src/input_common/src/drivers/android.rs	26	constant `AXIS_RZ` is never used	PLATFORM_DEFERRED	AXIS_RZ:3	input_common/drivers/android.cpp;input_common/drivers/android.h	Eden uses this on Android/AArch64; inactive on the current Linux x86_64 build.
dead_code	src/input_common/src/drivers/android.rs	27	constant `AXIS_HAT_X` is never used	PLATFORM_DEFERRED	AXIS_HAT_X:4	input_common/drivers/android.cpp;input_common/drivers/android.h	Eden uses this on Android/AArch64; inactive on the current Linux x86_64 build.
dead_code	src/input_common/src/drivers/android.rs	28	constant `AXIS_HAT_Y` is never used	PLATFORM_DEFERRED	AXIS_HAT_Y:4	input_common/drivers/android.cpp;input_common/drivers/android.h	Eden uses this on Android/AArch64; inactive on the current Linux x86_64 build.
dead_code	src/input_common/src/drivers/android.rs	29	constant `AXIS_LTRIGGER` is never used	PLATFORM_DEFERRED	AXIS_LTRIGGER:3	input_common/drivers/android.cpp;input_common/drivers/android.h	Eden uses this on Android/AArch64; inactive on the current Linux x86_64 build.
dead_code	src/input_common/src/drivers/android.rs	30	constant `AXIS_RTRIGGER` is never used	PLATFORM_DEFERRED	AXIS_RTRIGGER:3	input_common/drivers/android.cpp;input_common/drivers/android.h	Eden uses this on Android/AArch64; inactive on the current Linux x86_64 build.
dead_code	src/input_common/src/drivers/android.rs	32	constant `KEYCODE_DPAD_UP` is never used	PLATFORM_DEFERRED	KEYCODE_DPAD_UP:4	input_common/drivers/android.cpp;input_common/drivers/android.h	Eden uses this on Android/AArch64; inactive on the current Linux x86_64 build.
dead_code	src/input_common/src/drivers/android.rs	33	constant `KEYCODE_DPAD_DOWN` is never used	PLATFORM_DEFERRED	KEYCODE_DPAD_DOWN:4	input_common/drivers/android.cpp;input_common/drivers/android.h	Eden uses this on Android/AArch64; inactive on the current Linux x86_64 build.
dead_code	src/input_common/src/drivers/android.rs	34	constant `KEYCODE_DPAD_LEFT` is never used	PLATFORM_DEFERRED	KEYCODE_DPAD_LEFT:4	input_common/drivers/android.cpp;input_common/drivers/android.h	Eden uses this on Android/AArch64; inactive on the current Linux x86_64 build.
dead_code	src/input_common/src/drivers/android.rs	35	constant `KEYCODE_DPAD_RIGHT` is never used	PLATFORM_DEFERRED	KEYCODE_DPAD_RIGHT:4	input_common/drivers/android.cpp;input_common/drivers/android.h	Eden uses this on Android/AArch64; inactive on the current Linux x86_64 build.
dead_code	src/input_common/src/drivers/android.rs	36	constant `KEYCODE_BUTTON_A` is never used	PLATFORM_DEFERRED	KEYCODE_BUTTON_A:5	input_common/drivers/android.cpp;input_common/drivers/android.h	Eden uses this on Android/AArch64; inactive on the current Linux x86_64 build.
dead_code	src/input_common/src/drivers/android.rs	37	constant `KEYCODE_BUTTON_B` is never used	PLATFORM_DEFERRED	KEYCODE_BUTTON_B:5	input_common/drivers/android.cpp;input_common/drivers/android.h	Eden uses this on Android/AArch64; inactive on the current Linux x86_64 build.
dead_code	src/input_common/src/drivers/android.rs	38	constant `KEYCODE_BUTTON_X` is never used	PLATFORM_DEFERRED	KEYCODE_BUTTON_X:5	input_common/drivers/android.cpp;input_common/drivers/android.h	Eden uses this on Android/AArch64; inactive on the current Linux x86_64 build.
dead_code	src/input_common/src/drivers/android.rs	39	constant `KEYCODE_BUTTON_Y` is never used	PLATFORM_DEFERRED	KEYCODE_BUTTON_Y:5	input_common/drivers/android.cpp;input_common/drivers/android.h	Eden uses this on Android/AArch64; inactive on the current Linux x86_64 build.
dead_code	src/input_common/src/drivers/android.rs	40	constant `KEYCODE_BUTTON_L1` is never used	PLATFORM_DEFERRED	KEYCODE_BUTTON_L1:4	input_common/drivers/android.cpp;input_common/drivers/android.h	Eden uses this on Android/AArch64; inactive on the current Linux x86_64 build.
dead_code	src/input_common/src/drivers/android.rs	41	constant `KEYCODE_BUTTON_R1` is never used	PLATFORM_DEFERRED	KEYCODE_BUTTON_R1:4	input_common/drivers/android.cpp;input_common/drivers/android.h	Eden uses this on Android/AArch64; inactive on the current Linux x86_64 build.
dead_code	src/input_common/src/drivers/android.rs	42	constant `KEYCODE_BUTTON_L2` is never used	PLATFORM_DEFERRED	KEYCODE_BUTTON_L2:4	input_common/drivers/android.cpp;input_common/drivers/android.h	Eden uses this on Android/AArch64; inactive on the current Linux x86_64 build.
dead_code	src/input_common/src/drivers/android.rs	43	constant `KEYCODE_BUTTON_R2` is never used	PLATFORM_DEFERRED	KEYCODE_BUTTON_R2:4	input_common/drivers/android.cpp;input_common/drivers/android.h	Eden uses this on Android/AArch64; inactive on the current Linux x86_64 build.
dead_code	src/input_common/src/drivers/android.rs	44	constant `KEYCODE_BUTTON_THUMBL` is never used	PLATFORM_DEFERRED	KEYCODE_BUTTON_THUMBL:4	input_common/drivers/android.cpp;input_common/drivers/android.h	Eden uses this on Android/AArch64; inactive on the current Linux x86_64 build.
dead_code	src/input_common/src/drivers/android.rs	45	constant `KEYCODE_BUTTON_THUMBR` is never used	PLATFORM_DEFERRED	KEYCODE_BUTTON_THUMBR:4	input_common/drivers/android.cpp;input_common/drivers/android.h	Eden uses this on Android/AArch64; inactive on the current Linux x86_64 build.
dead_code	src/input_common/src/drivers/android.rs	46	constant `KEYCODE_BUTTON_START` is never used	PLATFORM_DEFERRED	KEYCODE_BUTTON_START:4	input_common/drivers/android.cpp;input_common/drivers/android.h	Eden uses this on Android/AArch64; inactive on the current Linux x86_64 build.
dead_code	src/input_common/src/drivers/android.rs	47	constant `KEYCODE_BUTTON_SELECT` is never used	PLATFORM_DEFERRED	KEYCODE_BUTTON_SELECT:4	input_common/drivers/android.cpp;input_common/drivers/android.h	Eden uses this on Android/AArch64; inactive on the current Linux x86_64 build.
dead_code	src/input_common/src/drivers/gc_adapter.rs	59	fields `identifier`, `enable_vibration`, `axis_origin`, and `reset_origin_counter` are never read	CONFIRMED_PARITY_DEBT	identifier:19,enable_vibration:8,axis_origin:5,reset_origin_counter:5	input_common/drivers/gc_adapter.cpp;input_common/drivers/gc_adapter.h	Matching symbol is used by the corresponding Eden file but unconsumed in Ruzu.
dead_code	src/input_common/src/drivers/gc_adapter.rs	81	type alias `AdapterPayload` is never used	CONFIRMED_PARITY_DEBT	AdapterPayload:27	input_common/drivers/gc_adapter.cpp;input_common/drivers/gc_adapter.h	Matching symbol is used by the corresponding Eden file but unconsumed in Ruzu.
dead_code	src/input_common/src/drivers/gc_adapter.rs	84	constant `LIBUSB_DT_HID` is never used	PORT_DEBT_OR_RENAMED	LIBUSB_DT_HID:1	input_common/drivers/gc_adapter.cpp;input_common/drivers/gc_adapter.h	Counterpart exists, but direct normalized symbol matching did not prove a live Eden use; manual ownership review retained.
dead_code	src/input_common/src/drivers/gc_adapter.rs	87	multiple fields are never read	PORT_DEBT_OR_RENAMED		input_common/drivers/gc_adapter.cpp;input_common/drivers/gc_adapter.h	Counterpart exists, but direct normalized symbol matching did not prove a live Eden use; manual ownership review retained.
dead_code	src/input_common/src/drivers/gc_adapter.rs	100	multiple methods are never used	PORT_DEBT_OR_RENAMED		input_common/drivers/gc_adapter.cpp;input_common/drivers/gc_adapter.h	Counterpart exists, but direct normalized symbol matching did not prove a live Eden use; manual ownership review retained.
dead_code	src/input_common/src/drivers/joycon.rs	28	constant `MAX_SUPPORTED_CONTROLLERS` is never used	CONFIRMED_PARITY_DEBT	MAX_SUPPORTED_CONTROLLERS:5	input_common/drivers/joycon.cpp;input_common/drivers/joycon.h	Matching symbol is used by the corresponding Eden file but unconsumed in Ruzu.
dead_code	src/input_common/src/drivers/joycon.rs	39	methods `setup`, `scan_thread`, `joycon_name`, and `translate_driver_result` are never used	CONFIRMED_PARITY_DEBT	setup:3,scan_thread:6,joycon_name:5,translate_driver_result:8	input_common/drivers/joycon.cpp;input_common/drivers/joycon.h	Matching symbol is used by the corresponding Eden file but unconsumed in Ruzu.
dead_code	src/input_common/src/drivers/mouse.rs	16	constant `UPDATE_TIME` is never used	CONFIRMED_PARITY_DEBT	UPDATE_TIME:2	input_common/drivers/mouse.cpp;input_common/drivers/mouse.h	Matching symbol is used by the corresponding Eden file but unconsumed in Ruzu.
dead_code	src/input_common/src/drivers/mouse.rs	20	constant `DEFAULT_MOTION_PANNING_SENSITIVITY` is never used	CONFIRMED_PARITY_DEBT	DEFAULT_MOTION_PANNING_SENSITIVITY:2	input_common/drivers/mouse.cpp;input_common/drivers/mouse.h	Matching symbol is used by the corresponding Eden file but unconsumed in Ruzu.
dead_code	src/input_common/src/drivers/mouse.rs	21	constant `DEFAULT_MOTION_SENSITIVITY` is never used	CONFIRMED_PARITY_DEBT	DEFAULT_MOTION_SENSITIVITY:2	input_common/drivers/mouse.cpp;input_common/drivers/mouse.h	Matching symbol is used by the corresponding Eden file but unconsumed in Ruzu.
dead_code	src/input_common/src/drivers/mouse.rs	22	constant `MAXIMUM_ROTATION_SPEED` is never used	CONFIRMED_PARITY_DEBT	MAXIMUM_ROTATION_SPEED:3	input_common/drivers/mouse.cpp;input_common/drivers/mouse.h	Matching symbol is used by the corresponding Eden file but unconsumed in Ruzu.
dead_code	src/input_common/src/drivers/mouse.rs	23	constant `MAXIMUM_STICK_RANGE` is never used	CONFIRMED_PARITY_DEBT	MAXIMUM_STICK_RANGE:3	input_common/drivers/mouse.cpp;input_common/drivers/mouse.h	Matching symbol is used by the corresponding Eden file but unconsumed in Ruzu.
dead_code	src/input_common/src/drivers/sdl_driver.rs	571	methods `is_button_on_left_side`, `build_analog_param_package_for_button`, `build_button_param_package_for_button`, and `build_hat_param_package_for_button` are never used	CONFIRMED_PARITY_DEBT	is_button_on_left_side:4,build_analog_param_package_for_button:3,build_button_param_package_for_button:3,build_hat_param_package_for_button:3	input_common/drivers/sdl_driver.cpp;input_common/drivers/sdl_driver.h	Matching symbol is used by the corresponding Eden file but unconsumed in Ruzu.
dead_code	src/input_common/src/drivers/udp_client.rs	136	field `status` is never read	CONFIRMED_PARITY_DEBT	status:12	input_common/drivers/udp_client.cpp;input_common/drivers/udp_client.h	Matching symbol is used by the corresponding Eden file but unconsumed in Ruzu.
dead_code	src/input_common/src/helpers/joycon_driver.rs	20	fields `passive`, `motion`, and `vibration` are never read	CONFIRMED_PARITY_DEBT	passive:4,motion:5,vibration:7	input_common/helpers/joycon_driver.cpp;input_common/helpers/joycon_driver.h	Matching symbol is used by the corresponding Eden file but unconsumed in Ruzu.
dead_code	src/input_common/src/helpers/joycon_driver.rs	30	multiple fields are never read	PORT_DEBT_OR_RENAMED		input_common/helpers/joycon_driver.cpp;input_common/helpers/joycon_driver.h	Counterpart exists, but direct normalized symbol matching did not prove a live Eden use; manual ownership review retained.
dead_code	src/input_common/src/helpers/joycon_driver.rs	83	methods `input_thread`, `on_new_data`, `is_input_thread_valid`, and `is_payload_correct` are never used	CONFIRMED_PARITY_DEBT	input_thread:7,on_new_data:3,is_input_thread_valid:3,is_payload_correct:3	input_common/helpers/joycon_driver.cpp;input_common/helpers/joycon_driver.h	Matching symbol is used by the corresponding Eden file but unconsumed in Ruzu.
dead_code	src/input_common/src/helpers/joycon_protocol/irs.rs	17	multiple fields are never read	PORT_DEBT_OR_RENAMED		input_common/helpers/joycon_protocol/irs.cpp;input_common/helpers/joycon_protocol/irs.h	Counterpart exists, but direct normalized symbol matching did not prove a live Eden use; manual ownership review retained.
dead_code	src/input_common/src/helpers/stick_from_buttons.rs	56	field `updater` is never read	CONFIRMED_PARITY_DEBT	updater:8	input_common/helpers/stick_from_buttons.cpp;input_common/helpers/stick_from_buttons.h	Matching symbol is used by the corresponding Eden file but unconsumed in Ruzu.
dead_code	src/input_common/src/main_common.rs	143	method `register_input` is never used	CONFIRMED_DEAD_DUPLICATE	RegisterInput:2	input_common/main.cpp	The active Rust mapping_callback calls MappingFactory directly; this unused method duplicates Eden Impl::RegisterInput instead of owning the callback path.
unused_assignments	src/rdynarmic/src/bin/a32_diff.rs	516	value assigned to `cpsr_diverged` is never read	BACKEND_PORT_DEBT_OR_FALLBACK	cpsr_diverged:0		Backend/fallback code is not reached by the current host-feature dispatch; compare with embedded Dynarmic rather than Eden core.
unused_imports	src/network/src/announce_multiplayer_session.rs	18	unused import: `self`	RUST_HYGIENE	self:0	network/announce_multiplayer_session.cpp;network/announce_multiplayer_session.h	No behavioral Eden counterpart; mechanical Rust cleanup.
unused_imports	src/network/src/announce_multiplayer_session.rs	22	unused imports: `NETWORK_VERSION`, `RoomState`, and `Room`	RUST_HYGIENE	NETWORK_VERSION:1,RoomState:0,Room:29	network/announce_multiplayer_session.cpp;network/announce_multiplayer_session.h	No behavioral Eden counterpart; mechanical Rust cleanup.
unused_imports	src/network/src/room_member.rs	21	unused import: `NO_PREFERRED_IP`	RUST_HYGIENE	NO_PREFERRED_IP:3	network/room_member.cpp;network/room_member.h	No behavioral Eden counterpart; mechanical Rust cleanup.
dead_code	src/network/src/announce_multiplayer_session.rs	29	constant `ANNOUNCE_TIME_INTERVAL` is never used	PORT_DEBT_OR_RENAMED	ANNOUNCE_TIME_INTERVAL:0	network/announce_multiplayer_session.cpp;network/announce_multiplayer_session.h	Counterpart exists, but direct normalized symbol matching did not prove a live Eden use; manual ownership review retained.
unused_imports	src/dedicated_room/src/main.rs	12	unused import: `std::path::Path`	RUST_HYGIENE	std::path::Path:0		No behavioral Eden counterpart; mechanical Rust cleanup.
unused_assignments	src/dedicated_room/src/main.rs	463	value assigned to `token` is never read	CONFIRMED_PARITY_DEBT	token:many	dedicated_room/yuzu_room.cpp	Eden stores the decoded token in Settings for AnnounceMultiplayerSession; Ruzu computes it but does not publish it, so public-room authentication state is incomplete.
unused_imports	src/core/src/core.rs	21	unused import: `KThread`	RUST_HYGIENE	KThread:0	core/core.cpp;core/core.h;core/core_timing.cpp;core/core_timing.h	No behavioral Eden counterpart; mechanical Rust cleanup.
unused_imports	src/core/src/core.rs	2754	unused import: `KProcess as OpaqueKProcess`	RUST_HYGIENE	KProcess as OpaqueKProcess:0	core/core.cpp;core/core.h;core/core_timing.cpp;core/core_timing.h	No behavioral Eden counterpart; mechanical Rust cleanup.
unused_imports	src/core/src/arm/debug.rs	8	unused import: `crate::arm::symbols`	RUST_HYGIENE	crate::arm::symbols:0	core/arm/debug.cpp;core/arm/debug.h	No behavioral Eden counterpart; mechanical Rust cleanup.
unused_imports	src/core/src/memory/cheat_engine.rs	8	unused import: `CheatDefinition`	RUST_HYGIENE	CheatDefinition:2	core/memory/cheat_engine.cpp;core/memory/cheat_engine.h	No behavioral Eden counterpart; mechanical Rust cleanup.
unused_imports	src/core/src/hle/kernel/k_page_table_base.rs	30	unused import: `crate::hle::result::ResultCode`	RUST_HYGIENE	crate::hle::result::ResultCode:0	core/hle/kernel/k_page_table_base.cpp;core/hle/kernel/k_page_table_base.h	No behavioral Eden counterpart; mechanical Rust cleanup.
unused_imports	src/core/src/hle/kernel/k_page_table_manager.rs	25	unused import: `PageTablePage`	RUST_HYGIENE	PageTablePage:2	core/hle/kernel/k_page_table_manager.h	No behavioral Eden counterpart; mechanical Rust cleanup.
unused_imports	src/core/src/hle/kernel/svc/svc_types.rs	7	unused import: `crate::hle::kernel::svc_common::Handle`	RUST_HYGIENE	crate::hle::kernel::svc_common::Handle:0		No behavioral Eden counterpart; mechanical Rust cleanup.
unused_imports	src/core/src/hle/kernel/svc/svc_activity.rs	7	unused import: `super::super::k_process::ProcessLock`	RUST_HYGIENE	super::super::k_process::ProcessLock:0	core/hle/kernel/svc/svc_activity.cpp	No behavioral Eden counterpart; mechanical Rust cleanup.
unused_imports	src/core/src/hle/kernel/svc/svc_activity.rs	12	unused import: `RESULT_SUCCESS`	RUST_HYGIENE	RESULT_SUCCESS:1	core/hle/kernel/svc/svc_activity.cpp	No behavioral Eden counterpart; mechanical Rust cleanup.
unused_imports	src/core/src/hle/kernel/svc/svc_address_arbiter.rs	16	unused import: `RESULT_SUCCESS`	RUST_HYGIENE	RESULT_SUCCESS:0	core/hle/kernel/svc/svc_address_arbiter.cpp	No behavioral Eden counterpart; mechanical Rust cleanup.
unused_imports	src/core/src/hle/kernel/svc/svc_debug_string.rs	8	unused import: `crate::hle::kernel::svc::svc_results::*`	RUST_HYGIENE	crate::hle::kernel::svc::svc_results::*:0	core/hle/kernel/svc/svc_debug_string.cpp	No behavioral Eden counterpart; mechanical Rust cleanup.
unused_imports	src/core/src/hle/kernel/svc/svc_event.rs	9	unused import: `super::super::k_process::ProcessLock`	RUST_HYGIENE	super::super::k_process::ProcessLock:0	core/hle/kernel/svc/svc_event.cpp	No behavioral Eden counterpart; mechanical Rust cleanup.
unused_imports	src/core/src/hle/kernel/svc/svc_exception.rs	8	unused import: `crate::hle::kernel::svc::svc_results::*`	RUST_HYGIENE	crate::hle::kernel::svc::svc_results::*:0	core/hle/kernel/svc/svc_exception.cpp	No behavioral Eden counterpart; mechanical Rust cleanup.
unused_imports	src/core/src/hle/kernel/svc/svc_exception.rs	9	unused import: `crate::hle::kernel::svc::svc_types::*`	RUST_HYGIENE	crate::hle::kernel::svc::svc_types::*:0	core/hle/kernel/svc/svc_exception.cpp	No behavioral Eden counterpart; mechanical Rust cleanup.
unused_imports	src/core/src/hle/kernel/svc/svc_light_ipc.rs	20	unused import: `RESULT_SUCCESS`	RUST_HYGIENE	RESULT_SUCCESS:0	core/hle/kernel/svc/svc_light_ipc.cpp	No behavioral Eden counterpart; mechanical Rust cleanup.
unused_imports	src/core/src/hle/kernel/svc/svc_port.rs	14	unused import: `super::super::k_process::ProcessLock`	RUST_HYGIENE	super::super::k_process::ProcessLock:0	core/hle/kernel/svc/svc_port.cpp	No behavioral Eden counterpart; mechanical Rust cleanup.
unused_imports	src/core/src/hle/kernel/svc/svc_process_memory.rs	8	unused import: `crate::hle::kernel::k_process::ProcessLock`	RUST_HYGIENE	crate::hle::kernel::k_process::ProcessLock:0	core/hle/kernel/svc/svc_process_memory.cpp	No behavioral Eden counterpart; mechanical Rust cleanup.
unused_imports	src/core/src/hle/kernel/svc/svc_process_memory.rs	12	unused import: `RESULT_SUCCESS`	RUST_HYGIENE	RESULT_SUCCESS:0	core/hle/kernel/svc/svc_process_memory.cpp	No behavioral Eden counterpart; mechanical Rust cleanup.
unused_imports	src/core/src/hle/kernel/svc/svc_shared_memory.rs	12	unused import: `RESULT_SUCCESS`	RUST_HYGIENE	RESULT_SUCCESS:0	core/hle/kernel/svc/svc_shared_memory.cpp	No behavioral Eden counterpart; mechanical Rust cleanup.
unused_imports	src/core/src/hle/kernel/svc/svc_synchronization.rs	8	unused import: `super::super::k_process::ProcessLock`	RUST_HYGIENE	super::super::k_process::ProcessLock:0	core/hle/kernel/svc/svc_synchronization.cpp	No behavioral Eden counterpart; mechanical Rust cleanup.
unused_imports	src/core/src/hle/kernel/svc/svc_thread.rs	7	unused import: `Mutex`	RUST_HYGIENE	Mutex:0	core/hle/kernel/svc/svc_thread.cpp;core/hle/kernel/svc/svc_thread_profiler.cpp	No behavioral Eden counterpart; mechanical Rust cleanup.
unused_imports	src/core/src/hle/kernel/svc/svc_thread.rs	9	unused import: `super::super::k_process::ProcessLock`	RUST_HYGIENE	super::super::k_process::ProcessLock:0	core/hle/kernel/svc/svc_thread.cpp;core/hle/kernel/svc/svc_thread_profiler.cpp	No behavioral Eden counterpart; mechanical Rust cleanup.
unused_imports	src/core/src/hle/kernel/k_client_port.rs	17	unused import: `super::k_process::ProcessLock`	RUST_HYGIENE	super::k_process::ProcessLock:0	core/hle/kernel/k_client_port.cpp;core/hle/kernel/k_client_port.h	No behavioral Eden counterpart; mechanical Rust cleanup.
unused_imports	src/core/src/hle/kernel/k_event.rs	11	unused import: `super::k_scheduler::KScheduler`	RUST_HYGIENE	super::k_scheduler::KScheduler:0	core/hle/kernel/k_event.cpp;core/hle/kernel/k_event.h;core/hle/kernel/k_event_info.h	No behavioral Eden counterpart; mechanical Rust cleanup.
unused_imports	src/core/src/hle/kernel/k_process_page_table.rs	12	unused import: `PAGE_SIZE`	RUST_HYGIENE	PAGE_SIZE:0	core/hle/kernel/k_process_page_table.h	No behavioral Eden counterpart; mechanical Rust cleanup.
unused_imports	src/core/src/hle/kernel/k_scheduler.rs	14	unused import: `super::k_process::KProcess`	RUST_HYGIENE	super::k_process::KProcess:0	core/hle/kernel/k_scheduler.cpp;core/hle/kernel/k_scheduler.h;core/hle/kernel/k_scheduler_lock.h	No behavioral Eden counterpart; mechanical Rust cleanup.
unused_imports	src/core/src/hle/kernel/k_scheduler.rs	16	unused import: `super::k_thread::KThread`	RUST_HYGIENE	super::k_thread::KThread:0	core/hle/kernel/k_scheduler.cpp;core/hle/kernel/k_scheduler.h;core/hle/kernel/k_scheduler_lock.h	No behavioral Eden counterpart; mechanical Rust cleanup.
unused_imports	src/core/src/hle/kernel/k_session_request.rs	7	unused import: `Mutex`	RUST_HYGIENE	Mutex:0	core/hle/kernel/k_session_request.cpp;core/hle/kernel/k_session_request.h	No behavioral Eden counterpart; mechanical Rust cleanup.
unused_imports	src/core/src/hle/kernel/k_thread_queue.rs	7	unused import: `Mutex`	RUST_HYGIENE	Mutex:0	core/hle/kernel/k_thread_queue.cpp;core/hle/kernel/k_thread_queue.h	No behavioral Eden counterpart; mechanical Rust cleanup.
unused_imports	src/core/src/hle/kernel/board/k_system_control.rs	11	unused import: `crate::hle::result::ResultCode`	RUST_HYGIENE	crate::hle::result::ResultCode:0		No behavioral Eden counterpart; mechanical Rust cleanup.
unused_imports	src/core/src/hle/kernel/k_condition_variable.rs	15	unused import: `Mutex`	RUST_HYGIENE	Mutex:0	core/hle/kernel/k_condition_variable.cpp;core/hle/kernel/k_condition_variable.h	No behavioral Eden counterpart; mechanical Rust cleanup.
unused_imports	src/core/src/hle/kernel/k_transfer_memory.rs	18	unused import: `Mutex`	RUST_HYGIENE	Mutex:0	core/hle/kernel/k_transfer_memory.cpp;core/hle/kernel/k_transfer_memory.h	No behavioral Eden counterpart; mechanical Rust cleanup.
unused_imports	src/core/src/hle/service/hle_ipc.rs	66	unused import: `crate::hle::kernel::k_process::ProcessLock`	RUST_HYGIENE	crate::hle::kernel::k_process::ProcessLock:0	core/hle/service/hle_ipc.cpp;core/hle/service/hle_ipc.h	No behavioral Eden counterpart; mechanical Rust cleanup.
unused_imports	src/core/src/hle/service/ipc_helpers.rs	14	unused import: `crate::hle::kernel::k_process::ProcessLock`	RUST_HYGIENE	crate::hle::kernel::k_process::ProcessLock:0	core/hle/service/ipc_helpers.h	No behavioral Eden counterpart; mechanical Rust cleanup.
unused_imports	src/core/src/hle/service/ipc_helpers.rs	15	unused import: `RESULT_SUCCESS`	RUST_HYGIENE	RESULT_SUCCESS:0	core/hle/service/ipc_helpers.h	No behavioral Eden counterpart; mechanical Rust cleanup.
unused_imports	src/core/src/hle/service/server_manager.rs	26	unused import: `crate::hle::kernel::k_process::KProcess`	RUST_HYGIENE	crate::hle::kernel::k_process::KProcess:0	core/hle/service/server_manager.cpp;core/hle/service/server_manager.h	No behavioral Eden counterpart; mechanical Rust cleanup.
unused_imports	src/core/src/hle/service/service.rs	18	unused import: `std::sync::Mutex`	RUST_HYGIENE	std::sync::Mutex:0	core/hle/service/service.cpp;core/hle/service/service.h;core/hle/service/services.cpp;core/hle/service/services.h	No behavioral Eden counterpart; mechanical Rust cleanup.
unused_imports	src/core/src/hle/service/services.rs	26	unused import: `SessionRequestHandlerPtr`	RUST_HYGIENE	SessionRequestHandlerPtr:0	core/hle/service/services.cpp;core/hle/service/services.h	No behavioral Eden counterpart; mechanical Rust cleanup.
unused_imports	src/core/src/hle/service/sm/sm.rs	23	unused import: `crate::hle::kernel::k_process::KProcess`	RUST_HYGIENE	crate::hle::kernel::k_process::KProcess:0	core/hle/service/sm/sm.cpp;core/hle/service/sm/sm.h;core/hle/service/sm/sm_controller.cpp;core/hle/service/sm/sm_controller.h	No behavioral Eden counterpart; mechanical Rust cleanup.
unused_imports	src/core/src/hle/service/am/applet_manager.rs	15	unused import: `crate::hle::kernel::k_process::KProcess`	RUST_HYGIENE	crate::hle::kernel::k_process::KProcess:0	core/hle/service/am/applet_manager.cpp;core/hle/service/am/applet_manager.h	No behavioral Eden counterpart; mechanical Rust cleanup.
unused_imports	src/core/src/hle/service/am/process_holder.rs	9	unused import: `crate::hle::kernel::k_process::KProcess`	RUST_HYGIENE	crate::hle::kernel::k_process::KProcess:0	core/hle/service/am/process_holder.cpp;core/hle/service/am/process_holder.h	No behavioral Eden counterpart; mechanical Rust cleanup.
unused_imports	src/core/src/hle/service/am/service/all_system_applet_proxies_service.rs	11	unused import: `crate::hle::kernel::k_process::KProcess`	RUST_HYGIENE	crate::hle::kernel::k_process::KProcess:0	core/hle/service/am/service/all_system_applet_proxies_service.cpp;core/hle/service/am/service/all_system_applet_proxies_service.h	No behavioral Eden counterpart; mechanical Rust cleanup.
unused_imports	src/core/src/hle/service/am/service/application_creator.rs	8	unused import: `Arc`	RUST_HYGIENE	Arc:0	core/hle/service/am/service/application_creator.cpp;core/hle/service/am/service/application_creator.h	No behavioral Eden counterpart; mechanical Rust cleanup.
unused_imports	src/core/src/hle/service/am/service/application_functions.rs	8	unused import: `WindowOriginMode`	RUST_HYGIENE	WindowOriginMode:4	core/hle/service/am/service/application_functions.cpp;core/hle/service/am/service/application_functions.h	No behavioral Eden counterpart; mechanical Rust cleanup.
unused_imports	src/core/src/hle/service/am/service/application_proxy.rs	11	unused import: `crate::hle::kernel::k_process::KProcess`	RUST_HYGIENE	crate::hle::kernel::k_process::KProcess:0	core/hle/service/am/service/application_proxy.cpp;core/hle/service/am/service/application_proxy.h;core/hle/service/am/service/application_proxy_service.cpp;core/hle/service/am/service/application_proxy_service.h	No behavioral Eden counterpart; mechanical Rust cleanup.
unused_imports	src/core/src/hle/service/am/service/application_proxy_service.rs	11	unused import: `crate::hle::kernel::k_process::KProcess`	RUST_HYGIENE	crate::hle::kernel::k_process::KProcess:0	core/hle/service/am/service/application_proxy_service.cpp;core/hle/service/am/service/application_proxy_service.h	No behavioral Eden counterpart; mechanical Rust cleanup.
unused_imports	src/core/src/hle/service/am/service/library_applet_proxy.rs	11	unused import: `crate::hle::kernel::k_process::KProcess`	RUST_HYGIENE	crate::hle::kernel::k_process::KProcess:0	core/hle/service/am/service/library_applet_proxy.cpp;core/hle/service/am/service/library_applet_proxy.h	No behavioral Eden counterpart; mechanical Rust cleanup.
unused_imports	src/core/src/hle/service/am/service/lock_accessor.rs	11	unused import: `crate::hle::kernel::k_process::KProcess`	RUST_HYGIENE	crate::hle::kernel::k_process::KProcess:0	core/hle/service/am/service/lock_accessor.cpp;core/hle/service/am/service/lock_accessor.h	No behavioral Eden counterpart; mechanical Rust cleanup.
unused_imports	src/core/src/hle/service/am/service/self_controller.rs	11	unused import: `crate::hle::kernel::k_process::KProcess`	RUST_HYGIENE	crate::hle::kernel::k_process::KProcess:0	core/hle/service/am/service/self_controller.cpp;core/hle/service/am/service/self_controller.h	No behavioral Eden counterpart; mechanical Rust cleanup.
unused_imports	src/core/src/hle/service/am/service/system_applet_proxy.rs	11	unused import: `crate::hle::kernel::k_process::KProcess`	RUST_HYGIENE	crate::hle::kernel::k_process::KProcess:0	core/hle/service/am/service/system_applet_proxy.cpp;core/hle/service/am/service/system_applet_proxy.h	No behavioral Eden counterpart; mechanical Rust cleanup.
unused_imports	src/core/src/hle/service/audio/audio_in.rs	10	unused import: `crate::hle::kernel::k_process::KProcess`	RUST_HYGIENE	crate::hle::kernel::k_process::KProcess:0	core/hle/service/audio/audio_in.cpp;core/hle/service/audio/audio_in.h;core/hle/service/audio/audio_in_manager.cpp;core/hle/service/audio/audio_in_manager.h	No behavioral Eden counterpart; mechanical Rust cleanup.
unused_imports	src/core/src/hle/service/audio/audio_out.rs	10	unused import: `crate::hle::kernel::k_process::KProcess`	RUST_HYGIENE	crate::hle::kernel::k_process::KProcess:0	core/hle/service/audio/audio_out.cpp;core/hle/service/audio/audio_out.h;core/hle/service/audio/audio_out_manager.cpp;core/hle/service/audio/audio_out_manager.h	No behavioral Eden counterpart; mechanical Rust cleanup.
unused_imports	src/core/src/hle/service/audio/audio_renderer.rs	10	unused import: `crate::hle::kernel::k_process::KProcess`	RUST_HYGIENE	crate::hle::kernel::k_process::KProcess:0	core/hle/service/audio/audio_renderer.cpp;core/hle/service/audio/audio_renderer.h;core/hle/service/audio/audio_renderer_manager.cpp;core/hle/service/audio/audio_renderer_manager.h	No behavioral Eden counterpart; mechanical Rust cleanup.
unused_imports	src/core/src/hle/service/bcat/delivery_cache_storage_service.rs	13	unused import: `crate::file_sys::vfs::vfs::VfsDirectory`	RUST_HYGIENE	crate::file_sys::vfs::vfs::VfsDirectory:0	core/hle/service/bcat/delivery_cache_storage_service.cpp;core/hle/service/bcat/delivery_cache_storage_service.h	No behavioral Eden counterpart; mechanical Rust cleanup.
unused_imports	src/core/src/hle/service/ldn/lan_discovery.rs	18	unused import: `super::ldn_results::*`	RUST_HYGIENE	super::ldn_results::*:0	core/hle/service/ldn/lan_discovery.cpp;core/hle/service/ldn/lan_discovery.h	No behavioral Eden counterpart; mechanical Rust cleanup.
unused_imports	src/core/src/hle/service/ldn/ldn.rs	15	unused import: `SessionRequestHandlerPtr`	RUST_HYGIENE	SessionRequestHandlerPtr:0	core/hle/service/ldn/ldn.cpp;core/hle/service/ldn/ldn.h;core/hle/service/ldn/ldn_results.h;core/hle/service/ldn/ldn_types.h	No behavioral Eden counterpart; mechanical Rust cleanup.
unused_imports	src/core/src/hle/service/mii/mii_database.rs	11	unused import: `RESULT_NOT_FOUND`	RUST_HYGIENE	RESULT_NOT_FOUND:8	core/hle/service/mii/mii_database.cpp;core/hle/service/mii/mii_database.h;core/hle/service/mii/mii_database_manager.cpp;core/hle/service/mii/mii_database_manager.h	No behavioral Eden counterpart; mechanical Rust cleanup.
unused_imports	src/core/src/hle/service/mii/types/ver3_store_data.rs	12	unused imports: `CommonColor`, `FontRegion`, `GlassType`, and `HairFlip`	RUST_HYGIENE	CommonColor:0,FontRegion:4,GlassType:7,HairFlip:4	core/hle/service/mii/types/ver3_store_data.cpp;core/hle/service/mii/types/ver3_store_data.h	No behavioral Eden counterpart; mechanical Rust cleanup.
unused_imports	src/core/src/hle/service/nvdrv/core/container.rs	16	unused import: `crate::hle::kernel::k_process::KProcess`	RUST_HYGIENE	crate::hle::kernel::k_process::KProcess:0	core/hle/service/nvdrv/core/container.cpp;core/hle/service/nvdrv/core/container.h	No behavioral Eden counterpart; mechanical Rust cleanup.
unused_imports	src/core/src/hle/service/nvdrv/devices/nvdevice.rs	8	unused import: `crate::hle::kernel::k_process::KProcess`	RUST_HYGIENE	crate::hle::kernel::k_process::KProcess:0	core/hle/service/nvdrv/devices/nvdevice.h	No behavioral Eden counterpart; mechanical Rust cleanup.
unused_imports	src/core/src/hle/service/nvdrv/devices/nvhost_ctrl.rs	12	unused import: `crate::hle::kernel::k_process::KProcess`	RUST_HYGIENE	crate::hle::kernel::k_process::KProcess:0	core/hle/service/nvdrv/devices/nvhost_ctrl.cpp;core/hle/service/nvdrv/devices/nvhost_ctrl.h;core/hle/service/nvdrv/devices/nvhost_ctrl_gpu.cpp;core/hle/service/nvdrv/devices/nvhost_ctrl_gpu.h	No behavioral Eden counterpart; mechanical Rust cleanup.
unused_imports	src/core/src/hle/service/nvdrv/nvdrv.rs	24	unused import: `crate::hle::kernel::k_process::KProcess`	RUST_HYGIENE	crate::hle::kernel::k_process::KProcess:0	core/hle/service/nvdrv/nvdrv.cpp;core/hle/service/nvdrv/nvdrv.h;core/hle/service/nvdrv/nvdrv_interface.cpp;core/hle/service/nvdrv/nvdrv_interface.h	No behavioral Eden counterpart; mechanical Rust cleanup.
unused_imports	src/core/src/hle/service/nvdrv/nvdrv_interface.rs	14	unused import: `crate::hle::kernel::k_process::KProcess`	RUST_HYGIENE	crate::hle::kernel::k_process::KProcess:0	core/hle/service/nvdrv/nvdrv_interface.cpp;core/hle/service/nvdrv/nvdrv_interface.h	No behavioral Eden counterpart; mechanical Rust cleanup.
unused_imports	src/core/src/hle/service/nvnflinger/binder.rs	11	unused import: `crate::hle::kernel::k_process::KProcess`	RUST_HYGIENE	crate::hle::kernel::k_process::KProcess:0	core/hle/service/nvnflinger/binder.h;core/hle/service/nvnflinger/hos_binder_driver.cpp;core/hle/service/nvnflinger/hos_binder_driver.h;core/hle/service/nvnflinger/hos_binder_driver_server.cpp;core/hle/service/nvnflinger/hos_binder_driver_server.h	No behavioral Eden counterpart; mechanical Rust cleanup.
unused_imports	src/core/src/hle/service/nvnflinger/buffer_queue_core.rs	32	unused import: `super::status::Status`	RUST_HYGIENE	super::status::Status:0	core/hle/service/nvnflinger/buffer_queue_core.cpp;core/hle/service/nvnflinger/buffer_queue_core.h	No behavioral Eden counterpart; mechanical Rust cleanup.
unused_imports	src/core/src/hle/service/nvnflinger/buffer_queue_producer.rs	23	unused import: `crate::hle::kernel::k_process::KProcess`	RUST_HYGIENE	crate::hle::kernel::k_process::KProcess:0	core/hle/service/nvnflinger/buffer_queue_producer.cpp;core/hle/service/nvnflinger/buffer_queue_producer.h	No behavioral Eden counterpart; mechanical Rust cleanup.
unused_doc_comments	src/core/src/hle/service/nvnflinger/window.rs	60	unused doc comment	RUST_HYGIENE		core/hle/service/nvnflinger/window.h	No behavioral Eden counterpart; mechanical Rust cleanup.
unused_imports	src/core/src/hle/service/os/event.rs	12	unused import: `crate::hle::kernel::k_process::KProcess`	RUST_HYGIENE	crate::hle::kernel::k_process::KProcess:0	core/hle/service/os/event.cpp;core/hle/service/os/event.h	No behavioral Eden counterpart; mechanical Rust cleanup.
unused_imports	src/core/src/hle/service/os/multi_wait_holder.rs	13	unused import: `crate::hle::kernel::k_process::KProcess`	RUST_HYGIENE	crate::hle::kernel::k_process::KProcess:0	core/hle/service/os/multi_wait_holder.cpp;core/hle/service/os/multi_wait_holder.h	No behavioral Eden counterpart; mechanical Rust cleanup.
unused_imports	src/core/src/hle/service/pm/pm.rs	13	unused import: `SessionRequestHandlerPtr`	RUST_HYGIENE	SessionRequestHandlerPtr:0	core/hle/service/pm/pm.cpp;core/hle/service/pm/pm.h	No behavioral Eden counterpart; mechanical Rust cleanup.
unused_imports	src/core/src/hle/service/psc/time/static.rs	16	unused import: `super::clocks::steady_clock_core::SteadyClockCoreImpl`	RUST_HYGIENE	super::clocks::steady_clock_core::SteadyClockCoreImpl:0	core/hle/service/psc/time/static.cpp;core/hle/service/psc/time/static.h	No behavioral Eden counterpart; mechanical Rust cleanup.
unused_imports	src/core/src/hle/service/psc/time/steady_clock.rs	14	unused import: `RESULT_NOT_IMPLEMENTED`	RUST_HYGIENE	RESULT_NOT_IMPLEMENTED:0	core/hle/service/psc/time/steady_clock.cpp;core/hle/service/psc/time/steady_clock.h	No behavioral Eden counterpart; mechanical Rust cleanup.
unused_imports	src/core/src/hle/service/psc/time/tzif.rs	14	unused imports: `CalendarAdditionalInfo` and `CalendarTime`	RUST_HYGIENE	CalendarAdditionalInfo:0,CalendarTime:0		No behavioral Eden counterpart; mechanical Rust cleanup.
unused_imports	src/core/src/hle/service/ro/ro.rs	17	unused import: `crate::hle::kernel::k_process::KProcess`	RUST_HYGIENE	crate::hle::kernel::k_process::KProcess:0	core/hle/service/ro/ro.cpp;core/hle/service/ro/ro.h;core/hle/service/ro/ro_nro_utils.cpp;core/hle/service/ro/ro_nro_utils.h;core/hle/service/ro/ro_results.h;core/hle/service/ro/ro_types.h	No behavioral Eden counterpart; mechanical Rust cleanup.
unused_imports	src/core/src/hle/service/set/settings.rs	17	unused import: `super::system_settings_server::ISystemSettingsServer`	RUST_HYGIENE	super::system_settings_server::ISystemSettingsServer:0	core/hle/service/set/factory_settings_server.cpp;core/hle/service/set/factory_settings_server.h;core/hle/service/set/firmware_debug_settings_server.cpp;core/hle/service/set/firmware_debug_settings_server.h;core/hle/service/set/settings.cpp;core/hle/service/set/settings.h;core/hle/service/set/settings_server.cpp;core/hle/service/set/settings_server.h;core/hle/service/set/settings_types.h;core/hle/service/set/system_settings_server.cpp;core/hle/service/set/system_settings_server.h	No behavioral Eden counterpart; mechanical Rust cleanup.
unused_imports	src/core/src/hle/service/set/settings_server.rs	13	unused import: `Language`	RUST_HYGIENE	Language:11	core/hle/service/set/factory_settings_server.cpp;core/hle/service/set/factory_settings_server.h;core/hle/service/set/firmware_debug_settings_server.cpp;core/hle/service/set/firmware_debug_settings_server.h;core/hle/service/set/settings_server.cpp;core/hle/service/set/settings_server.h;core/hle/service/set/system_settings_server.cpp;core/hle/service/set/system_settings_server.h	No behavioral Eden counterpart; mechanical Rust cleanup.
unused_doc_comments	src/core/src/hle/service/sockets/sockets.rs	331	unused doc comment	RUST_HYGIENE		core/hle/service/sockets/sockets.cpp;core/hle/service/sockets/sockets.h;core/hle/service/sockets/sockets_translate.cpp;core/hle/service/sockets/sockets_translate.h	No behavioral Eden counterpart; mechanical Rust cleanup.
unused_imports	src/core/src/hle/service/vi/manager_display_service.rs	9	unused import: `crate::hle::kernel::k_process::KProcess`	RUST_HYGIENE	crate::hle::kernel::k_process::KProcess:0	core/hle/service/vi/manager_display_service.cpp;core/hle/service/vi/manager_display_service.h	No behavioral Eden counterpart; mechanical Rust cleanup.
unused_imports	src/core/src/file_sys/card_image.rs	12	unused import: `super::nca_metadata::CNMT`	RUST_HYGIENE	super::nca_metadata::CNMT:0	core/file_sys/card_image.cpp;core/file_sys/card_image.h	No behavioral Eden counterpart; mechanical Rust cleanup.
unused_imports	src/core/src/file_sys/fs_path_utility.rs	10	unused import: `super::fs_memory_management`	RUST_HYGIENE	super::fs_memory_management:0	core/file_sys/fs_path_utility.h	No behavioral Eden counterpart; mechanical Rust cleanup.
unused_imports	src/core/src/file_sys/vfs/vfs.rs	10	unused import: `std::sync::Arc`	RUST_HYGIENE	std::sync::Arc:0	core/file_sys/vfs/vfs.cpp;core/file_sys/vfs/vfs.h;core/file_sys/vfs/vfs_cached.cpp;core/file_sys/vfs/vfs_cached.h;core/file_sys/vfs/vfs_concat.cpp;core/file_sys/vfs/vfs_concat.h;core/file_sys/vfs/vfs_layered.cpp;core/file_sys/vfs/vfs_layered.h;core/file_sys/vfs/vfs_offset.cpp;core/file_sys/vfs/vfs_offset.h;core/file_sys/vfs/vfs_real.cpp;core/file_sys/vfs/vfs_real.h;core/file_sys/vfs/vfs_static.h;core/file_sys/vfs/vfs_types.h;core/file_sys/vfs/vfs_vector.cpp;core/file_sys/vfs/vfs_vector.h	No behavioral Eden counterpart; mechanical Rust cleanup.
unused_imports	src/core/src/file_sys/fssystem/aes_xts_storage.rs	12	unused import: `super::utility::add_counter`	RUST_HYGIENE	super::utility::add_counter:0	core/file_sys/fssystem/fssystem_aes_xts_storage.cpp;core/file_sys/fssystem/fssystem_aes_xts_storage.h	No behavioral Eden counterpart; mechanical Rust cleanup.
unused_imports	src/core/src/file_sys/fssystem/compressed_storage.rs	8	unused imports: `COMPRESSION_BLOCK_ALIGNMENT` and `compression_type_utility`	RUST_HYGIENE	COMPRESSION_BLOCK_ALIGNMENT:2,compression_type_utility:7	core/file_sys/fssystem/fssystem_compressed_storage.h	No behavioral Eden counterpart; mechanical Rust cleanup.
unused_imports	src/core/src/file_sys/fssystem/compressed_storage.rs	10	unused import: `super::pooled_buffer::PooledBuffer`	RUST_HYGIENE	super::pooled_buffer::PooledBuffer:0	core/file_sys/fssystem/fssystem_compressed_storage.h	No behavioral Eden counterpart; mechanical Rust cleanup.
unused_imports	src/core/src/file_sys/fssystem/compression_configuration.rs	10	unused import: `GetDecompressorFunction`	RUST_HYGIENE	GetDecompressorFunction:0	core/file_sys/fssystem/fssystem_compression_configuration.cpp;core/file_sys/fssystem/fssystem_compression_configuration.h	No behavioral Eden counterpart; mechanical Rust cleanup.
unused_imports	src/core/src/file_sys/system_archive/mii_model.rs	11	unused import: `VirtualFile`	RUST_HYGIENE	VirtualFile:1	core/file_sys/system_archive/mii_model.cpp;core/file_sys/system_archive/mii_model.h	No behavioral Eden counterpart; mechanical Rust cleanup.
unused_imports	src/core/src/loader/loader.rs	13	unused import: `VirtualDir`	RUST_HYGIENE	VirtualDir:0	core/loader/loader.cpp;core/loader/loader.h	No behavioral Eden counterpart; mechanical Rust cleanup.
unused_imports	src/core/src/loader/nro.rs	20	unused import: `Modules`	RUST_HYGIENE	Modules:0	core/loader/nro.cpp;core/loader/nro.h	No behavioral Eden counterpart; mechanical Rust cleanup.
unused_imports	src/core/src/loader/nso.rs	17	unused import: `NACP`	RUST_HYGIENE	NACP:0	core/loader/nso.cpp;core/loader/nso.h	No behavioral Eden counterpart; mechanical Rust cleanup.
unused_imports	src/core/src/crypto/ctr_encryption_layer.rs	7	unused import: `std::sync::Arc`	RUST_HYGIENE	std::sync::Arc:0	core/crypto/ctr_encryption_layer.cpp;core/crypto/ctr_encryption_layer.h	No behavioral Eden counterpart; mechanical Rust cleanup.
unused_imports	src/core/src/crypto/xts_encryption_layer.rs	7	unused import: `std::sync::Arc`	RUST_HYGIENE	std::sync::Arc:0	core/crypto/xts_encryption_layer.cpp;core/crypto/xts_encryption_layer.h	No behavioral Eden counterpart; mechanical Rust cleanup.
unused_imports	src/core/src/internal_network/network_interface.rs	57	unused import: `std::io::BufRead`	RUST_HYGIENE	std::io::BufRead:0	core/internal_network/network_interface.cpp;core/internal_network/network_interface.h	No behavioral Eden counterpart; mechanical Rust cleanup.
unreachable_code	src/core/src/hle/kernel/physical_core.rs	290	unreachable expression	RUST_HYGIENE		core/hle/kernel/physical_core.cpp;core/hle/kernel/physical_core.h	No behavioral Eden counterpart; mechanical Rust cleanup.
unused_imports	src/core/src/file_sys/control_metadata.rs	7	unused import: `super::vfs::vfs::VfsFile`	RUST_HYGIENE	super::vfs::vfs::VfsFile:0	core/file_sys/control_metadata.cpp;core/file_sys/control_metadata.h	No behavioral Eden counterpart; mechanical Rust cleanup.
unused_imports	src/core/src/file_sys/content_archive.rs	15	unused import: `VfsFile`	RUST_HYGIENE	VfsFile:0	core/file_sys/content_archive.cpp;core/file_sys/content_archive.h	No behavioral Eden counterpart; mechanical Rust cleanup.
unused_imports	src/core/src/file_sys/card_image.rs	15	unused import: `VfsFile`	RUST_HYGIENE	VfsFile:0	core/file_sys/card_image.cpp;core/file_sys/card_image.h	No behavioral Eden counterpart; mechanical Rust cleanup.
unused_imports	src/core/src/file_sys/xts_archive.rs	12	unused import: `super::vfs::vfs::VfsFile`	RUST_HYGIENE	super::vfs::vfs::VfsFile:0	core/file_sys/xts_archive.cpp;core/file_sys/xts_archive.h	No behavioral Eden counterpart; mechanical Rust cleanup.
unused_imports	src/core/src/file_sys/savedata_factory.rs	13	unused import: `VfsFile`	RUST_HYGIENE	VfsFile:0	core/file_sys/savedata_factory.cpp;core/file_sys/savedata_factory.h	No behavioral Eden counterpart; mechanical Rust cleanup.
unused_imports	src/core/src/file_sys/savedata_factory.rs	13	unused import: `VfsDirectory`	RUST_HYGIENE	VfsDirectory:0	core/file_sys/savedata_factory.cpp;core/file_sys/savedata_factory.h	No behavioral Eden counterpart; mechanical Rust cleanup.
unused_imports	src/core/src/file_sys/fssystem/nca_reader.rs	9	unused import: `crate::file_sys::vfs::vfs::VfsFile`	RUST_HYGIENE	crate::file_sys::vfs::vfs::VfsFile:0	core/file_sys/fssystem/fssystem_nca_reader.cpp	No behavioral Eden counterpart; mechanical Rust cleanup.
unused_imports	src/core/src/file_sys/vfs/vfs_real.rs	589	unused import: `std::os::unix::ffi::OsStrExt`	RUST_HYGIENE	std::os::unix::ffi::OsStrExt:0	core/file_sys/vfs/vfs_real.cpp;core/file_sys/vfs/vfs_real.h	No behavioral Eden counterpart; mechanical Rust cleanup.
unused_imports	src/core/src/hle/service/bcat/delivery_cache_directory_service.rs	11	unused import: `VfsFile`	RUST_HYGIENE	VfsFile:0	core/hle/service/bcat/delivery_cache_directory_service.cpp;core/hle/service/bcat/delivery_cache_directory_service.h	No behavioral Eden counterpart; mechanical Rust cleanup.
unused_imports	src/core/src/hle/service/bcat/delivery_cache_directory_service.rs	11	unused import: `VfsDirectory`	RUST_HYGIENE	VfsDirectory:0	core/hle/service/bcat/delivery_cache_directory_service.cpp;core/hle/service/bcat/delivery_cache_directory_service.h	No behavioral Eden counterpart; mechanical Rust cleanup.
unused_imports	src/core/src/hle/service/bcat/delivery_cache_file_service.rs	11	unused import: `VfsDirectory`	RUST_HYGIENE	VfsDirectory:0	core/hle/service/bcat/delivery_cache_file_service.cpp;core/hle/service/bcat/delivery_cache_file_service.h	No behavioral Eden counterpart; mechanical Rust cleanup.
unused_imports	src/core/src/hle/service/bcat/delivery_cache_file_service.rs	11	unused import: `VfsFile`	RUST_HYGIENE	VfsFile:0	core/hle/service/bcat/delivery_cache_file_service.cpp;core/hle/service/bcat/delivery_cache_file_service.h	No behavioral Eden counterpart; mechanical Rust cleanup.
unused_imports	src/core/src/file_sys/submission_package.rs	13	unused import: `VfsFile`	RUST_HYGIENE	VfsFile:0	core/file_sys/submission_package.cpp;core/file_sys/submission_package.h	No behavioral Eden counterpart; mechanical Rust cleanup.
unused_imports	src/core/src/file_sys/romfs.rs	10	unused import: `VfsFile`	RUST_HYGIENE	VfsFile:0	core/file_sys/fsmitm_romfsbuild.cpp;core/file_sys/fsmitm_romfsbuild.h;core/file_sys/romfs.cpp;core/file_sys/romfs.h;core/file_sys/romfs_factory.cpp;core/file_sys/romfs_factory.h	No behavioral Eden counterpart; mechanical Rust cleanup.
unused_imports	src/core/src/file_sys/partition_filesystem.rs	12	unused import: `VfsFile`	RUST_HYGIENE	VfsFile:0	core/file_sys/partition_filesystem.cpp;core/file_sys/partition_filesystem.h	No behavioral Eden counterpart; mechanical Rust cleanup.
unused_imports	src/core/src/file_sys/ips_layer.rs	13	unused import: `super::vfs::vfs::VfsFile`	RUST_HYGIENE	super::vfs::vfs::VfsFile:0	core/file_sys/ips_layer.cpp;core/file_sys/ips_layer.h	No behavioral Eden counterpart; mechanical Rust cleanup.
unused_imports	src/core/src/file_sys/fsmitm_romfsbuild.rs	10	unused import: `VfsFile`	RUST_HYGIENE	VfsFile:0	core/file_sys/fsmitm_romfsbuild.cpp;core/file_sys/fsmitm_romfsbuild.h	No behavioral Eden counterpart; mechanical Rust cleanup.
unused_imports	src/core/src/file_sys/fsmitm_romfsbuild.rs	10	unused import: `VfsDirectory`	RUST_HYGIENE	VfsDirectory:0	core/file_sys/fsmitm_romfsbuild.cpp;core/file_sys/fsmitm_romfsbuild.h	No behavioral Eden counterpart; mechanical Rust cleanup.
unused_variables	src/core/src/cpu_manager.rs	838	unused variable: `process`	PORT_DEBT_OR_RENAMED	process:0	core/cpu_manager.cpp;core/cpu_manager.h	Counterpart exists, but direct normalized symbol matching did not prove a live Eden use; manual ownership review retained.
unused_mut	src/core/src/arm/dynarmic/arm_dynarmic_64.rs	2370	variable does not need to be mutable	RUST_HYGIENE		core/arm/dynarmic/arm_dynarmic_64.cpp;core/arm/dynarmic/arm_dynarmic_64.h	No behavioral Eden counterpart; mechanical Rust cleanup.
unused_mut	src/core/src/memory/dmnt_cheat_vm.rs	423	variable does not need to be mutable	RUST_HYGIENE		core/memory/dmnt_cheat_vm.cpp;core/memory/dmnt_cheat_vm.h	No behavioral Eden counterpart; mechanical Rust cleanup.
unused_mut	src/core/src/hle/kernel/k_memory_region.rs	353	variable does not need to be mutable	RUST_HYGIENE		core/hle/kernel/k_memory_region.h;core/hle/kernel/k_memory_region_type.h	No behavioral Eden counterpart; mechanical Rust cleanup.
unused_mut	src/core/src/hle/kernel/k_page_heap.rs	326	variable does not need to be mutable	RUST_HYGIENE		core/hle/kernel/k_page_heap.cpp;core/hle/kernel/k_page_heap.h	No behavioral Eden counterpart; mechanical Rust cleanup.
unused_mut	src/core/src/hle/kernel/k_page_heap.rs	329	variable does not need to be mutable	RUST_HYGIENE		core/hle/kernel/k_page_heap.cpp;core/hle/kernel/k_page_heap.h	No behavioral Eden counterpart; mechanical Rust cleanup.
unused_mut	src/core/src/hle/kernel/k_page_table_base.rs	1079	variable does not need to be mutable	RUST_HYGIENE		core/hle/kernel/k_page_table_base.cpp;core/hle/kernel/k_page_table_base.h	No behavioral Eden counterpart; mechanical Rust cleanup.
unused_mut	src/core/src/hle/kernel/k_page_table_base.rs	1080	variable does not need to be mutable	RUST_HYGIENE		core/hle/kernel/k_page_table_base.cpp;core/hle/kernel/k_page_table_base.h	No behavioral Eden counterpart; mechanical Rust cleanup.
unreachable_patterns	src/core/src/hle/kernel/k_page_table_base.rs	1471	unreachable pattern	REPRESENTATION_DIFFERENCE		core/hle/kernel/k_page_table_base.cpp;core/hle/kernel/k_page_table_base.h	Rust enum is exhaustive while Eden keeps a C++ default for invalid numeric values.
unused_mut	src/core/src/hle/kernel/k_page_table_base.rs	2030	variable does not need to be mutable	RUST_HYGIENE		core/hle/kernel/k_page_table_base.cpp;core/hle/kernel/k_page_table_base.h	No behavioral Eden counterpart; mechanical Rust cleanup.
unused_mut	src/core/src/hle/kernel/svc/svc_event.rs	25	variable does not need to be mutable	RUST_HYGIENE		core/hle/kernel/svc/svc_event.cpp	No behavioral Eden counterpart; mechanical Rust cleanup.
unused_mut	src/core/src/hle/kernel/svc/svc_ipc.rs	315	variable does not need to be mutable	RUST_HYGIENE		core/hle/kernel/svc/svc_ipc.cpp	No behavioral Eden counterpart; mechanical Rust cleanup.
unused_variables	src/core/src/hle/kernel/svc/svc_ipc.rs	727	unused variable: `code`	PORT_DEBT_OR_RENAMED	code:0	core/hle/kernel/svc/svc_ipc.cpp	Counterpart exists, but direct normalized symbol matching did not prove a live Eden use; manual ownership review retained.
unused_mut	src/core/src/hle/kernel/svc/svc_ipc.rs	2071	variable does not need to be mutable	RUST_HYGIENE		core/hle/kernel/svc/svc_ipc.cpp	No behavioral Eden counterpart; mechanical Rust cleanup.
unused_mut	src/core/src/hle/kernel/svc/svc_process_memory.rs	165	variable does not need to be mutable	RUST_HYGIENE		core/hle/kernel/svc/svc_process_memory.cpp	No behavioral Eden counterpart; mechanical Rust cleanup.
unused_mut	src/core/src/hle/kernel/svc/svc_synchronization.rs	144	variable does not need to be mutable	RUST_HYGIENE		core/hle/kernel/svc/svc_synchronization.cpp	No behavioral Eden counterpart; mechanical Rust cleanup.
unused_mut	src/core/src/hle/kernel/svc/svc_transfer_memory.rs	165	variable does not need to be mutable	RUST_HYGIENE		core/hle/kernel/svc/svc_transfer_memory.cpp	No behavioral Eden counterpart; mechanical Rust cleanup.
unused_mut	src/core/src/hle/kernel/svc/svc_transfer_memory.rs	220	variable does not need to be mutable	RUST_HYGIENE		core/hle/kernel/svc/svc_transfer_memory.cpp	No behavioral Eden counterpart; mechanical Rust cleanup.
unused_assignments	src/core/src/hle/kernel/k_process.rs	2074	value assigned to `code_address` is never read	CONFIRMED_PARITY_DEBT	code_address:16	core/hle/kernel/k_process.cpp;core/hle/kernel/k_process.h;core/hle/kernel/k_process_page_table.h	Matching symbol is used by the corresponding Eden file but unconsumed in Ruzu.
unused_mut	src/core/src/hle/kernel/k_readable_event.rs	148	variable does not need to be mutable	RUST_HYGIENE		core/hle/kernel/k_readable_event.cpp;core/hle/kernel/k_readable_event.h	No behavioral Eden counterpart; mechanical Rust cleanup.
unused_mut	src/core/src/hle/kernel/k_scheduler.rs	1542	variable does not need to be mutable	RUST_HYGIENE		core/hle/kernel/k_scheduler.cpp;core/hle/kernel/k_scheduler.h;core/hle/kernel/k_scheduler_lock.h	No behavioral Eden counterpart; mechanical Rust cleanup.
unused_mut	src/core/src/hle/kernel/k_scheduler.rs	2141	variable does not need to be mutable	RUST_HYGIENE		core/hle/kernel/k_scheduler.cpp;core/hle/kernel/k_scheduler.h;core/hle/kernel/k_scheduler_lock.h	No behavioral Eden counterpart; mechanical Rust cleanup.
unused_mut	src/core/src/hle/kernel/k_scheduler.rs	2243	variable does not need to be mutable	RUST_HYGIENE		core/hle/kernel/k_scheduler.cpp;core/hle/kernel/k_scheduler.h;core/hle/kernel/k_scheduler_lock.h	No behavioral Eden counterpart; mechanical Rust cleanup.
unused_mut	src/core/src/hle/kernel/k_scheduler.rs	2377	variable does not need to be mutable	RUST_HYGIENE		core/hle/kernel/k_scheduler.cpp;core/hle/kernel/k_scheduler.h;core/hle/kernel/k_scheduler_lock.h	No behavioral Eden counterpart; mechanical Rust cleanup.
unused_mut	src/core/src/hle/kernel/k_scheduler.rs	2685	variable does not need to be mutable	RUST_HYGIENE		core/hle/kernel/k_scheduler.cpp;core/hle/kernel/k_scheduler.h;core/hle/kernel/k_scheduler_lock.h	No behavioral Eden counterpart; mechanical Rust cleanup.
unused_variables	src/core/src/hle/kernel/k_scheduler.rs	2730	unused variable: `current_thread_id`	PORT_DEBT_OR_RENAMED	current_thread_id:0	core/hle/kernel/k_scheduler.cpp;core/hle/kernel/k_scheduler.h;core/hle/kernel/k_scheduler_lock.h	Counterpart exists, but direct normalized symbol matching did not prove a live Eden use; manual ownership review retained.
unused_variables	src/core/src/hle/kernel/k_server_session.rs	291	unused variable: `src_message`	PORT_DEBT_OR_RENAMED	src_message:0	core/hle/kernel/k_server_session.cpp;core/hle/kernel/k_server_session.h	Counterpart exists, but direct normalized symbol matching did not prove a live Eden use; manual ownership review retained.
unused_variables	src/core/src/hle/kernel/k_server_session.rs	396	unused variable: `src_message`	PORT_DEBT_OR_RENAMED	src_message:0	core/hle/kernel/k_server_session.cpp;core/hle/kernel/k_server_session.h	Counterpart exists, but direct normalized symbol matching did not prove a live Eden use; manual ownership review retained.
unused_mut	src/core/src/hle/kernel/k_server_session.rs	2224	variable does not need to be mutable	RUST_HYGIENE		core/hle/kernel/k_server_session.cpp;core/hle/kernel/k_server_session.h	No behavioral Eden counterpart; mechanical Rust cleanup.
unused_mut	src/core/src/hle/kernel/k_server_session.rs	2247	variable does not need to be mutable	RUST_HYGIENE		core/hle/kernel/k_server_session.cpp;core/hle/kernel/k_server_session.h	No behavioral Eden counterpart; mechanical Rust cleanup.
unused_mut	src/core/src/hle/kernel/k_session.rs	147	variable does not need to be mutable	RUST_HYGIENE		core/hle/kernel/k_session.cpp;core/hle/kernel/k_session.h;core/hle/kernel/k_session_request.cpp;core/hle/kernel/k_session_request.h	No behavioral Eden counterpart; mechanical Rust cleanup.
unused_mut	src/core/src/hle/kernel/k_thread.rs	2844	variable does not need to be mutable	RUST_HYGIENE		core/hle/kernel/k_thread.cpp;core/hle/kernel/k_thread.h;core/hle/kernel/k_thread_local_page.cpp;core/hle/kernel/k_thread_local_page.h;core/hle/kernel/k_thread_queue.cpp;core/hle/kernel/k_thread_queue.h	No behavioral Eden counterpart; mechanical Rust cleanup.
unused_assignments	src/core/src/hle/kernel/k_condition_variable.rs	514	value assigned to `next_owner_thread` is never read	CONFIRMED_PARITY_DEBT	next_owner_thread:9	core/hle/kernel/k_condition_variable.cpp;core/hle/kernel/k_condition_variable.h	Matching symbol is used by the corresponding Eden file but unconsumed in Ruzu.
unused_mut	src/core/src/hle/kernel/k_condition_variable.rs	1158	variable does not need to be mutable	RUST_HYGIENE		core/hle/kernel/k_condition_variable.cpp;core/hle/kernel/k_condition_variable.h	No behavioral Eden counterpart; mechanical Rust cleanup.
unused_variables	src/core/src/hle/kernel/k_condition_variable.rs	1158	unused variable: `wait_queue`	CONFIRMED_PARITY_DEBT	wait_queue:5	core/hle/kernel/k_condition_variable.cpp;core/hle/kernel/k_condition_variable.h	Matching symbol is used by the corresponding Eden file but unconsumed in Ruzu.
unused_variables	src/core/src/hle/kernel/k_interrupt_manager.rs	54	unused variable: `thread_core`	PORT_DEBT_OR_RENAMED	thread_core:0	core/hle/kernel/k_interrupt_manager.cpp;core/hle/kernel/k_interrupt_manager.h	Counterpart exists, but direct normalized symbol matching did not prove a live Eden use; manual ownership review retained.
unused_variables	src/core/src/hle/kernel/message_buffer.rs	339	unused variable: `hdr`	CONFIRMED_PARITY_DEBT	hdr:24	core/hle/kernel/message_buffer.h	Matching symbol is used by the corresponding Eden file but unconsumed in Ruzu.
unused_variables	src/core/src/hle/kernel/physical_core.rs	201	unused variable: `process`	CONFIRMED_PARITY_DEBT	process:22	core/hle/kernel/physical_core.cpp;core/hle/kernel/physical_core.h	Matching symbol is used by the corresponding Eden file but unconsumed in Ruzu.
unused_variables	src/core/src/hle/service/services.rs	57	unused variable: `has_domain_header`	PORT_DEBT_OR_RENAMED	has_domain_header:0	core/hle/service/services.cpp;core/hle/service/services.h	Counterpart exists, but direct normalized symbol matching did not prove a live Eden use; manual ownership review retained.
unused_variables	src/core/src/hle/service/services.rs	71	unused variable: `cmd`	PORT_DEBT_OR_RENAMED	cmd:0	core/hle/service/services.cpp;core/hle/service/services.h	Counterpart exists, but direct normalized symbol matching did not prove a live Eden use; manual ownership review retained.
unused_variables	src/core/src/hle/service/services.rs	394	unused variable: `sm`	CONFIRMED_PARITY_DEBT	sm:10	core/hle/service/services.cpp;core/hle/service/services.h	Matching symbol is used by the corresponding Eden file but unconsumed in Ruzu.
unused_variables	src/core/src/hle/service/am/am.rs	24	unused variable: `service_manager`	PORT_DEBT_OR_RENAMED	service_manager:0	core/hle/service/am/am.cpp;core/hle/service/am/am.h;core/hle/service/am/am_results.h;core/hle/service/am/am_types.h	Counterpart exists, but direct normalized symbol matching did not prove a live Eden use; manual ownership review retained.
unused_variables	src/core/src/hle/service/am/service/application_functions.rs	483	unused variable: `service`	CONFIRMED_PARITY_DEBT	service:21	core/hle/service/am/service/application_functions.cpp;core/hle/service/am/service/application_functions.h	Matching symbol is used by the corresponding Eden file but unconsumed in Ruzu.
unused_variables	src/core/src/hle/service/aoc/addon_content_manager.rs	449	unused variable: `service_manager`	PORT_DEBT_OR_RENAMED	service_manager:0	core/hle/service/aoc/addon_content_manager.cpp;core/hle/service/aoc/addon_content_manager.h	Counterpart exists, but direct normalized symbol matching did not prove a live Eden use; manual ownership review retained.
unused_variables	src/core/src/hle/service/apm/apm.rs	39	unused variable: `service_manager`	PORT_DEBT_OR_RENAMED	service_manager:0	core/hle/service/apm/apm.cpp;core/hle/service/apm/apm.h;core/hle/service/apm/apm_controller.cpp;core/hle/service/apm/apm_controller.h;core/hle/service/apm/apm_interface.cpp;core/hle/service/apm/apm_interface.h	Counterpart exists, but direct normalized symbol matching did not prove a live Eden use; manual ownership review retained.
unused_variables	src/core/src/hle/service/filesystem/filesystem.rs	1330	unused variable: `service_manager`	PORT_DEBT_OR_RENAMED	service_manager:1	core/hle/service/filesystem/filesystem.cpp;core/hle/service/filesystem/filesystem.h	Counterpart exists, but direct normalized symbol matching did not prove a live Eden use; manual ownership review retained.
unused_variables	src/core/src/hle/service/hid/hid_server.rs	681	unused variable: `result`	CONFIRMED_PARITY_DEBT	result:251	core/hle/service/hid/hid_server.cpp;core/hle/service/hid/hid_server.h	Matching symbol is used by the corresponding Eden file but unconsumed in Ruzu.
unused_mut	src/core/src/hle/service/hid/hid_server.rs	737	variable does not need to be mutable	RUST_HYGIENE		core/hle/service/hid/hid_server.cpp;core/hle/service/hid/hid_server.h	No behavioral Eden counterpart; mechanical Rust cleanup.
unused_mut	src/core/src/hle/service/hid/hid_server.rs	1521	variable does not need to be mutable	RUST_HYGIENE		core/hle/service/hid/hid_server.cpp;core/hle/service/hid/hid_server.h	No behavioral Eden counterpart; mechanical Rust cleanup.
unused_variables	src/core/src/hle/service/ns/platform_service_manager.rs	480	unused variable: `parent`	PORT_DEBT_OR_RENAMED	parent:0	core/hle/service/ns/platform_service_manager.cpp;core/hle/service/ns/platform_service_manager.h	Counterpart exists, but direct normalized symbol matching did not prove a live Eden use; manual ownership review retained.
unused_variables	src/core/src/hle/service/nvnflinger/buffer_queue_consumer.rs	159	unused variable: `release_fence`	CONFIRMED_PARITY_DEBT	release_fence:5	core/hle/service/nvnflinger/buffer_queue_consumer.cpp;core/hle/service/nvnflinger/buffer_queue_consumer.h	Matching symbol is used by the corresponding Eden file but unconsumed in Ruzu.
unused_mut	src/core/src/hle/service/nvnflinger/buffer_queue_defs.rs	18	variable does not need to be mutable	RUST_HYGIENE		core/hle/service/nvnflinger/buffer_queue_defs.h	No behavioral Eden counterpart; mechanical Rust cleanup.
unused_variables	src/core/src/hle/service/nvnflinger/buffer_queue_producer.rs	96	unused variable: `code`	CONFIRMED_PARITY_DEBT	code:4	core/hle/service/nvnflinger/buffer_queue_producer.cpp;core/hle/service/nvnflinger/buffer_queue_producer.h	Matching symbol is used by the corresponding Eden file but unconsumed in Ruzu.
unreachable_patterns	src/core/src/hle/service/vi/application_display_service.rs	606	unreachable pattern	REPRESENTATION_DIFFERENCE		core/hle/service/vi/application_display_service.cpp;core/hle/service/vi/application_display_service.h	Rust enum is exhaustive while Eden keeps a C++ default for invalid numeric values.
unused_mut	src/core/src/file_sys/fs_path.rs	505	variable does not need to be mutable	RUST_HYGIENE		core/file_sys/fs_path.h;core/file_sys/fs_path_utility.h	No behavioral Eden counterpart; mechanical Rust cleanup.
unused_variables	src/core/src/file_sys/fs_path_utility.rs	1188	unused variable: `path_len`	CONFIRMED_PARITY_DEBT	path_len:2	core/file_sys/fs_path_utility.h	Matching symbol is used by the corresponding Eden file but unconsumed in Ruzu.
unused_variables	src/core/src/file_sys/fs_path_utility.rs	1245	variable `relative_len` is assigned to, but never used	CONFIRMED_PARITY_DEBT	relative_len:8	core/file_sys/fs_path_utility.h	Matching symbol is used by the corresponding Eden file but unconsumed in Ruzu.
unused_variables	src/core/src/file_sys/fs_path_utility.rs	1274	unused variable: `orig_src`	PORT_DEBT_OR_RENAMED	orig_src:0	core/file_sys/fs_path_utility.h	Counterpart exists, but direct normalized symbol matching did not prove a live Eden use; manual ownership review retained.
unused_assignments	src/core/src/file_sys/fs_path_utility.rs	1192	value assigned to `src_offset` is never read	PORT_DEBT_OR_RENAMED	src_offset:0	core/file_sys/fs_path_utility.h	Counterpart exists, but direct normalized symbol matching did not prove a live Eden use; manual ownership review retained.
unused_assignments	src/core/src/file_sys/fs_path_utility.rs	1257	value assigned to `relative_len` is never read	CONFIRMED_PARITY_DEBT	relative_len:8	core/file_sys/fs_path_utility.h	Matching symbol is used by the corresponding Eden file but unconsumed in Ruzu.
unused_variables	src/core/src/file_sys/fsmitm_romfsbuild.rs	339	unused variable: `parent_idx`	PORT_DEBT_OR_RENAMED	parent_idx:0	core/file_sys/fsmitm_romfsbuild.cpp;core/file_sys/fsmitm_romfsbuild.h	Counterpart exists, but direct normalized symbol matching did not prove a live Eden use; manual ownership review retained.
unused_variables	src/core/src/file_sys/fsmitm_romfsbuild.rs	366	unused variable: `parent_idx`	PORT_DEBT_OR_RENAMED	parent_idx:0	core/file_sys/fsmitm_romfsbuild.cpp;core/file_sys/fsmitm_romfsbuild.h	Counterpart exists, but direct normalized symbol matching did not prove a live Eden use; manual ownership review retained.
unused_variables	src/core/src/file_sys/fsmitm_romfsbuild.rs	440	unused variable: `dir_t_size`	PORT_DEBT_OR_RENAMED	dir_t_size:0	core/file_sys/fsmitm_romfsbuild.cpp;core/file_sys/fsmitm_romfsbuild.h	Counterpart exists, but direct normalized symbol matching did not prove a live Eden use; manual ownership review retained.
unused_assignments	src/core/src/file_sys/ips_layer.rs	376	value assigned to `end_idx` is never read	PORT_DEBT_OR_RENAMED	end_idx:0	core/file_sys/ips_layer.cpp;core/file_sys/ips_layer.h	Counterpart exists, but direct normalized symbol matching did not prove a live Eden use; manual ownership review retained.
unused_mut	src/core/src/file_sys/kernel_executable.rs	373	variable does not need to be mutable	RUST_HYGIENE		core/file_sys/kernel_executable.cpp;core/file_sys/kernel_executable.h	No behavioral Eden counterpart; mechanical Rust cleanup.
unused_variables	src/core/src/file_sys/vfs/vfs_real.rs	191	unused variable: `path`	CONFIRMED_PARITY_DEBT	path:101	core/file_sys/vfs/vfs_real.cpp;core/file_sys/vfs/vfs_real.h	Matching symbol is used by the corresponding Eden file but unconsumed in Ruzu.
unused_mut	src/core/src/file_sys/fssystem/bucket_tree.rs	629	variable does not need to be mutable	RUST_HYGIENE		core/file_sys/fssystem/fssystem_bucket_tree.cpp;core/file_sys/fssystem/fssystem_bucket_tree.h;core/file_sys/fssystem/fssystem_bucket_tree_template_impl.h;core/file_sys/fssystem/fssystem_bucket_tree_utils.h	No behavioral Eden counterpart; mechanical Rust cleanup.
unused_variables	src/core/src/file_sys/fssystem/hierarchical_integrity_verification_storage.rs	210	unused variable: `top_verify`	PORT_DEBT_OR_RENAMED	top_verify:0	core/file_sys/fssystem/fssystem_hierarchical_integrity_verification_storage.cpp;core/file_sys/fssystem/fssystem_hierarchical_integrity_verification_storage.h	Counterpart exists, but direct normalized symbol matching did not prove a live Eden use; manual ownership review retained.
unused_mut	src/core/src/crypto/ctr_encryption_layer.rs	70	variable does not need to be mutable	RUST_HYGIENE		core/crypto/ctr_encryption_layer.cpp;core/crypto/ctr_encryption_layer.h	No behavioral Eden counterpart; mechanical Rust cleanup.
unreachable_patterns	src/core/src/internal_network/sockets.rs	129	unreachable pattern	PLATFORM_ALIAS		core/internal_network/sockets.h	EAGAIN and EWOULDBLOCK are equal on this Linux target; Eden switches on EAGAIN.
dead_code	src/core/src/device_memory_manager.rs	64	field `free_entries` is never read	CONFIRMED_PARITY_DEBT	free_entries:6	core/device_memory_manager.h;core/device_memory_manager.inc	Matching symbol is used by the corresponding Eden file but unconsumed in Ruzu.
dead_code	src/core/src/device_memory_manager.rs	69	methods `register`, `register_chained`, `unregister`, `release_entry`, `register_impl`, and `get_new_entry` are never used	CONFIRMED_PARITY_DEBT	register:4,register_chained:0,unregister:2,release_entry:2,register_impl:0,get_new_entry:2	core/device_memory_manager.h;core/device_memory_manager.inc	Matching symbol is used by the corresponding Eden file but unconsumed in Ruzu.
dead_code	src/core/src/device_memory_manager.rs	236	field `mapping_guard` is never read	CONFIRMED_PARITY_DEBT	mapping_guard:5	core/device_memory_manager.h;core/device_memory_manager.inc	Matching symbol is used by the corresponding Eden file but unconsumed in Ruzu.
dead_code	src/core/src/device_memory_manager.rs	276	associated items `PHYSICAL_MIN_BITS`, `PHYSICAL_ADDRESS_BASE`, `GUEST_AS_SIZE`, `GUEST_MASK`, and `extract_cpu_backing` are never used	CONFIRMED_PARITY_DEBT	PHYSICAL_MIN_BITS:3,PHYSICAL_ADDRESS_BASE:1,GUEST_AS_SIZE:2,GUEST_MASK:2,extract_cpu_backing:3	core/device_memory_manager.h;core/device_memory_manager.inc	Matching symbol is used by the corresponding Eden file but unconsumed in Ruzu.
dead_code	src/core/src/arm/dynarmic/arm_dynarmic_32.rs	2478	method `trace_read_code_word` is never used	PORT_DEBT_OR_RENAMED	trace_read_code_word:0	core/arm/dynarmic/arm_dynarmic_32.cpp;core/arm/dynarmic/arm_dynarmic_32.h	Counterpart exists, but direct normalized symbol matching did not prove a live Eden use; manual ownership review retained.
dead_code	src/core/src/arm/dynarmic/arm_dynarmic_64.rs	731	fields `tpidrro_el0` and `tpidr_el0` are never read	UPSTREAM_DORMANT_STATE	tpidrro_el0:1,tpidr_el0:1	core/arm/dynarmic/arm_dynarmic_64.cpp;core/arm/dynarmic/arm_dynarmic_64.h	Matching state is only declared in the Eden counterpart too.
dead_code	src/core/src/arm/dynarmic/arm_dynarmic_64.rs	2202	fields `exclusive_monitor` and `core_index` are never read	CONFIRMED_PARITY_DEBT	exclusive_monitor:3,core_index:3	core/arm/dynarmic/arm_dynarmic_64.cpp;core/arm/dynarmic/arm_dynarmic_64.h	Matching symbol is used by the corresponding Eden file but unconsumed in Ruzu.
dead_code	src/core/src/arm/dynarmic/dynarmic_cp15.rs	39	field `dummy_value` is never read	CONFIRMED_PARITY_DEBT	dummy_value:2	core/arm/dynarmic/dynarmic_cp15.cpp;core/arm/dynarmic/dynarmic_cp15.h	Matching symbol is used by the corresponding Eden file but unconsumed in Ruzu.
dead_code	src/core/src/arm/nce/arm_nce.rs	259	constant `RETURN_TO_RUN_CODE_SIGNAL` is never used	PLATFORM_DEFERRED	RETURN_TO_RUN_CODE_SIGNAL:0	core/arm/nce/arm_nce.cpp;core/arm/nce/arm_nce.h;core/arm/nce/arm_nce_asm_definitions.h	Eden uses this on Android/AArch64; inactive on the current Linux x86_64 build.
dead_code	src/core/src/arm/nce/arm_nce.rs	264	constant `BREAK_FROM_RUN_CODE_SIGNAL` is never used	PLATFORM_DEFERRED	BREAK_FROM_RUN_CODE_SIGNAL:4	core/arm/nce/arm_nce.cpp;core/arm/nce/arm_nce.h;core/arm/nce/arm_nce_asm_definitions.h	Eden uses this on Android/AArch64; inactive on the current Linux x86_64 build.
dead_code	src/core/src/arm/nce/arm_nce.rs	269	constant `GUEST_ALIGNMENT_FAULT_SIGNAL` is never used	PLATFORM_DEFERRED	GUEST_ALIGNMENT_FAULT_SIGNAL:3	core/arm/nce/arm_nce.cpp;core/arm/nce/arm_nce.h;core/arm/nce/arm_nce_asm_definitions.h	Eden uses this on Android/AArch64; inactive on the current Linux x86_64 build.
dead_code	src/core/src/arm/nce/arm_nce.rs	274	constant `GUEST_ACCESS_FAULT_SIGNAL` is never used	PLATFORM_DEFERRED	GUEST_ACCESS_FAULT_SIGNAL:3	core/arm/nce/arm_nce.cpp;core/arm/nce/arm_nce.h;core/arm/nce/arm_nce_asm_definitions.h	Eden uses this on Android/AArch64; inactive on the current Linux x86_64 build.
dead_code	src/core/src/arm/nce/patcher.rs	63	fields `patch_offset` and `module_offset` are never read	PLATFORM_DEFERRED	patch_offset:22,module_offset:23	core/arm/nce/patcher.cpp;core/arm/nce/patcher.h	Eden uses this on Android/AArch64; inactive on the current Linux x86_64 build.
dead_code	src/core/src/arm/nce/patcher.rs	74	fields `patch_offset` and `module_offset` are never read	PLATFORM_DEFERRED	patch_offset:22,module_offset:23	core/arm/nce/patcher.cpp;core/arm/nce/patcher.h	Eden uses this on Android/AArch64; inactive on the current Linux x86_64 build.
dead_code	src/core/src/arm/nce/patcher.rs	83	fields `trampolines` and `write_module_pc_relocations` are never read	PLATFORM_DEFERRED	trampolines:1,write_module_pc_relocations:0	core/arm/nce/patcher.cpp;core/arm/nce/patcher.h	Eden uses this on Android/AArch64; inactive on the current Linux x86_64 build.
dead_code	src/core/src/memory/cheat_engine.rs	17	constant `CHEAT_ENGINE_NS` is never used	CONFIRMED_PARITY_DEBT	CHEAT_ENGINE_NS:3	core/memory/cheat_engine.cpp;core/memory/cheat_engine.h	Matching symbol is used by the corresponding Eden file but unconsumed in Ruzu.
dead_code	src/core/src/hle/kernel/k_light_condition_variable.rs	19	field `m_kernel` is never read	CONFIRMED_PARITY_DEBT	m_kernel:8	core/hle/kernel/k_light_condition_variable.cpp;core/hle/kernel/k_light_condition_variable.h	Matching symbol is used by the corresponding Eden file but unconsumed in Ruzu.
dead_code	src/core/src/hle/kernel/k_memory_block_manager.rs	37	method `coalesce_for_update` is never used	CONFIRMED_PARITY_DEBT	coalesce_for_update:6	core/hle/kernel/k_memory_block_manager.cpp;core/hle/kernel/k_memory_block_manager.h	Matching symbol is used by the corresponding Eden file but unconsumed in Ruzu.
dead_code	src/core/src/hle/kernel/k_memory_manager.rs	74	methods `get_pool` and `get_size` are never used	CONFIRMED_PARITY_DEBT	get_pool:10,get_size:11	core/hle/kernel/k_memory_manager.cpp;core/hle/kernel/k_memory_manager.h	Matching symbol is used by the corresponding Eden file but unconsumed in Ruzu.
dead_code	src/core/src/hle/kernel/k_memory_manager.rs	269	method `get_manager_mut` is never used	PORT_DEBT_OR_RENAMED	get_manager_mut:0	core/hle/kernel/k_memory_manager.cpp;core/hle/kernel/k_memory_manager.h	Counterpart exists, but direct normalized symbol matching did not prove a live Eden use; manual ownership review retained.
dead_code	src/core/src/hle/kernel/k_page_table_base.rs	395	method `clear_fresh_backing_region` is never used	PORT_DEBT_OR_RENAMED	clear_fresh_backing_region:0	core/hle/kernel/k_page_table_base.cpp;core/hle/kernel/k_page_table_base.h	Counterpart exists, but direct normalized symbol matching did not prove a live Eden use; manual ownership review retained.
dead_code	src/core/src/hle/kernel/k_resource_limit.rs	26	constant `DEFAULT_TIMEOUT` is never used	CONFIRMED_PARITY_DEBT	DEFAULT_TIMEOUT:2	core/hle/kernel/k_resource_limit.cpp;core/hle/kernel/k_resource_limit.h	Matching symbol is used by the corresponding Eden file but unconsumed in Ruzu.
dead_code	src/core/src/hle/kernel/k_resource_limit.rs	34	field `m_waiter_count` is never read	CONFIRMED_PARITY_DEBT	m_waiter_count:4	core/hle/kernel/k_resource_limit.cpp;core/hle/kernel/k_resource_limit.h	Matching symbol is used by the corresponding Eden file but unconsumed in Ruzu.
dead_code	src/core/src/hle/kernel/k_system_resource.rs	100	fields `page_table_manager` and `page_table_heap` are never read	PORT_DEBT_OR_RENAMED	page_table_manager:0,page_table_heap:0	core/hle/kernel/k_system_resource.cpp;core/hle/kernel/k_system_resource.h	Counterpart exists, but direct normalized symbol matching did not prove a live Eden use; manual ownership review retained.
dead_code	src/core/src/hle/kernel/k_scheduler.rs	937	associated items `unlock_thread_context_for_runtime` and `schedule_impl_cooperative` are never used	PORT_DEBT_OR_RENAMED	unlock_thread_context_for_runtime:0,schedule_impl_cooperative:0	core/hle/kernel/k_scheduler.cpp;core/hle/kernel/k_scheduler.h;core/hle/kernel/k_scheduler_lock.h	Counterpart exists, but direct normalized symbol matching did not prove a live Eden use; manual ownership review retained.
dead_code	src/core/src/hle/kernel/k_thread.rs	700	method `clear_wait_synchronization` is never used	PORT_DEBT_OR_RENAMED	clear_wait_synchronization:0	core/hle/kernel/k_thread.cpp;core/hle/kernel/k_thread.h;core/hle/kernel/k_thread_local_page.cpp;core/hle/kernel/k_thread_local_page.h;core/hle/kernel/k_thread_queue.cpp;core/hle/kernel/k_thread_queue.h	Counterpart exists, but direct normalized symbol matching did not prove a live Eden use; manual ownership review retained.
dead_code	src/core/src/hle/kernel/k_condition_variable.rs	213	function `deadline_from_timeout_tick` is never used	PORT_DEBT_OR_RENAMED	deadline_from_timeout_tick:0	core/hle/kernel/k_condition_variable.cpp;core/hle/kernel/k_condition_variable.h	Counterpart exists, but direct normalized symbol matching did not prove a live Eden use; manual ownership review retained.
dead_code	src/core/src/hle/kernel/k_hardware_timer.rs	55	method `resolve_task_target` is never used	PORT_DEBT_OR_RENAMED	resolve_task_target:0	core/hle/kernel/k_hardware_timer.cpp;core/hle/kernel/k_hardware_timer.h;core/hle/kernel/k_hardware_timer_base.h	Counterpart exists, but direct normalized symbol matching did not prove a live Eden use; manual ownership review retained.
dead_code	src/core/src/hle/kernel/kernel.rs	1802	constant `BLOCK_INFO_SLAB_HEAP_SIZE` is never used	CONFIRMED_PARITY_DEBT	BLOCK_INFO_SLAB_HEAP_SIZE:2	core/hle/kernel/kernel.cpp;core/hle/kernel/kernel.h	Matching symbol is used by the corresponding Eden file but unconsumed in Ruzu.
dead_code	src/core/src/hle/kernel/kernel.rs	1803	constant `RESERVED_DYNAMIC_PAGE_COUNT` is never used	CONFIRMED_PARITY_DEBT	RESERVED_DYNAMIC_PAGE_COUNT:3	core/hle/kernel/kernel.cpp;core/hle/kernel/kernel.h	Matching symbol is used by the corresponding Eden file but unconsumed in Ruzu.
dead_code	src/core/src/hle/kernel/physical_core.rs	55	field `m_is_single_core` is never read	CONFIRMED_PARITY_DEBT	m_is_single_core:3	core/hle/kernel/physical_core.cpp;core/hle/kernel/physical_core.h	Matching symbol is used by the corresponding Eden file but unconsumed in Ruzu.
dead_code	src/core/src/hle/service/ipc_helpers.rs	34	fields `normal_params_size`, `num_handles_to_copy`, `num_objects_to_move`, and `data_payload_index` are never read	CONFIRMED_PARITY_DEBT	normal_params_size:7,num_handles_to_copy:8,num_objects_to_move:6,data_payload_index:2	core/hle/service/ipc_helpers.h	Matching symbol is used by the corresponding Eden file but unconsumed in Ruzu.
dead_code	src/core/src/hle/service/server_manager.rs	272	method `thread_name` is never used	CONFIRMED_PARITY_DEBT	thread_name:2	core/hle/service/server_manager.cpp;core/hle/service/server_manager.h	Matching symbol is used by the corresponding Eden file but unconsumed in Ruzu.
dead_code	src/core/src/hle/service/am/frontend/applet_cabinet.rs	90	field `is_complete` is never read	CONFIRMED_PARITY_DEBT	is_complete:4	core/hle/service/am/frontend/applet_cabinet.cpp;core/hle/service/am/frontend/applet_cabinet.h	Matching symbol is used by the corresponding Eden file but unconsumed in Ruzu.
dead_code	src/core/src/hle/service/am/frontend/applet_error.rs	21	fields `complete` and `mode` are never read	CONFIRMED_PARITY_DEBT	complete:4,mode:13	core/hle/service/am/frontend/applet_error.cpp;core/hle/service/am/frontend/applet_error.h	Matching symbol is used by the corresponding Eden file but unconsumed in Ruzu.
dead_code	src/core/src/hle/service/am/frontend/applet_general.rs	21	fields `complete`, `successful`, and `auth_type` are never read	CONFIRMED_PARITY_DEBT	complete:6,successful:3,auth_type:0	core/hle/service/am/frontend/applet_general.cpp;core/hle/service/am/frontend/applet_general.h	Matching symbol is used by the corresponding Eden file but unconsumed in Ruzu.
dead_code	src/core/src/hle/service/am/frontend/applet_general.rs	46	fields `complete` and `mode` are never read	CONFIRMED_PARITY_DEBT	complete:6,mode:5	core/hle/service/am/frontend/applet_general.cpp;core/hle/service/am/frontend/applet_general.h	Matching symbol is used by the corresponding Eden file but unconsumed in Ruzu.
dead_code	src/core/src/hle/service/am/frontend/applet_general.rs	61	field `id` is never read	CONFIRMED_PARITY_DEBT	id:5	core/hle/service/am/frontend/applet_general.cpp;core/hle/service/am/frontend/applet_general.h	Matching symbol is used by the corresponding Eden file but unconsumed in Ruzu.
dead_code	src/core/src/hle/service/am/frontend/applet_profile_select.rs	8	field `complete` is never read	CONFIRMED_PARITY_DEBT	complete:3	core/hle/service/am/frontend/applet_profile_select.cpp;core/hle/service/am/frontend/applet_profile_select.h	Matching symbol is used by the corresponding Eden file but unconsumed in Ruzu.
dead_code	src/core/src/hle/service/am/frontend/applet_software_keyboard.rs	85	field `system` is never read	CONFIRMED_PARITY_DEBT	system:25	core/hle/service/am/frontend/applet_software_keyboard.cpp;core/hle/service/am/frontend/applet_software_keyboard.h;core/hle/service/am/frontend/applet_software_keyboard_types.h	Matching symbol is used by the corresponding Eden file but unconsumed in Ruzu.
dead_code	src/core/src/hle/service/am/frontend/applet_web_browser.rs	8	field `complete` is never read	CONFIRMED_PARITY_DEBT	complete:3	core/hle/service/am/frontend/applet_web_browser.cpp;core/hle/service/am/frontend/applet_web_browser.h;core/hle/service/am/frontend/applet_web_browser_types.h	Matching symbol is used by the corresponding Eden file but unconsumed in Ruzu.
dead_code	src/core/src/hle/service/am/service/application_accessor.rs	42	field `window_system` is never read	CONFIRMED_PARITY_DEBT	window_system:8	core/hle/service/am/service/application_accessor.cpp;core/hle/service/am/service/application_accessor.h	Matching symbol is used by the corresponding Eden file but unconsumed in Ruzu.
dead_code	src/core/src/hle/service/am/service/application_creator.rs	19	field `window_system` is never read	CONFIRMED_PARITY_DEBT	window_system:12	core/hle/service/am/service/application_creator.cpp;core/hle/service/am/service/application_creator.h	Matching symbol is used by the corresponding Eden file but unconsumed in Ruzu.
dead_code	src/core/src/hle/service/am/service/home_menu_functions.rs	31	field `applet` is never read	CONFIRMED_PARITY_DEBT	applet:7	core/hle/service/am/service/home_menu_functions.cpp;core/hle/service/am/service/home_menu_functions.h	Matching symbol is used by the corresponding Eden file but unconsumed in Ruzu.
dead_code	src/core/src/hle/service/am/service/lock_accessor.rs	24	fields `event_object_id` and `readable_event` are never read	PORT_DEBT_OR_RENAMED	event_object_id:0,readable_event:0	core/hle/service/am/service/lock_accessor.cpp;core/hle/service/am/service/lock_accessor.h	Counterpart exists, but direct normalized symbol matching did not prove a live Eden use; manual ownership review retained.
dead_code	src/core/src/hle/service/am/service/self_controller.rs	59	field `process` is never read	CONFIRMED_PARITY_DEBT	process:6	core/hle/service/am/service/self_controller.cpp;core/hle/service/am/service/self_controller.h	Matching symbol is used by the corresponding Eden file but unconsumed in Ruzu.
dead_code	src/core/src/hle/service/am/service/storage.rs	25	field `system` is never read	CONFIRMED_PARITY_DEBT	system:22	core/hle/service/am/service/storage.cpp;core/hle/service/am/service/storage.h;core/hle/service/am/service/storage_accessor.cpp;core/hle/service/am/service/storage_accessor.h	Matching symbol is used by the corresponding Eden file but unconsumed in Ruzu.
dead_code	src/core/src/hle/service/aoc/purchase_event_manager.rs	33	fields `service_context` and `purchased_event_handle` are never read	OWNERSHIP_ANCHOR	service_context:5,purchased_event_handle:0	core/hle/service/aoc/purchase_event_manager.cpp;core/hle/service/aoc/purchase_event_manager.h	ServiceContext Drop owns event/process cleanup even without an explicit field read.
dead_code	src/core/src/hle/service/apm/apm_interface.rs	180	field `module` is never read	CONFIRMED_PARITY_DEBT	module:4	core/hle/service/apm/apm_interface.cpp;core/hle/service/apm/apm_interface.h	Matching symbol is used by the corresponding Eden file but unconsumed in Ruzu.
dead_code	src/core/src/hle/service/audio/audio_in.rs	41	field `buffer_readable_event` is never read	PORT_DEBT_OR_RENAMED	buffer_readable_event:0	core/hle/service/audio/audio_in.cpp;core/hle/service/audio/audio_in.h;core/hle/service/audio/audio_in_manager.cpp;core/hle/service/audio/audio_in_manager.h	Counterpart exists, but direct normalized symbol matching did not prove a live Eden use; manual ownership review retained.
dead_code	src/core/src/hle/service/audio/audio_out.rs	40	field `buffer_readable_event` is never read	PORT_DEBT_OR_RENAMED	buffer_readable_event:0	core/hle/service/audio/audio_out.cpp;core/hle/service/audio/audio_out.h;core/hle/service/audio/audio_out_manager.cpp;core/hle/service/audio/audio_out_manager.h	Counterpart exists, but direct normalized symbol matching did not prove a live Eden use; manual ownership review retained.
dead_code	src/core/src/hle/service/audio/audio_renderer.rs	38	field `rendered_readable_event` is never read	PORT_DEBT_OR_RENAMED	rendered_readable_event:0	core/hle/service/audio/audio_renderer.cpp;core/hle/service/audio/audio_renderer.h;core/hle/service/audio/audio_renderer_manager.cpp;core/hle/service/audio/audio_renderer_manager.h	Counterpart exists, but direct normalized symbol matching did not prove a live Eden use; manual ownership review retained.
dead_code	src/core/src/hle/service/btm/btm_system_core.rs	25	fields `service_context`, `radio_event`, and `audio_device_connection_event` are never read	OWNERSHIP_ANCHOR	service_context:7,radio_event:5,audio_device_connection_event:5	core/hle/service/btm/btm_system_core.cpp;core/hle/service/btm/btm_system_core.h	ServiceContext Drop owns event/process cleanup even without an explicit field read.
dead_code	src/core/src/hle/service/btm/btm_user_core.rs	27	field `service_context` is never read	OWNERSHIP_ANCHOR	service_context:11	core/hle/service/btm/btm_user_core.cpp;core/hle/service/btm/btm_user_core.h	ServiceContext Drop owns event/process cleanup even without an explicit field read.
dead_code	src/core/src/hle/service/caps/caps_c.rs	46	field `manager` is never read	CONFIRMED_PARITY_DEBT	manager:2	core/hle/service/caps/caps_c.cpp;core/hle/service/caps/caps_c.h	Matching symbol is used by the corresponding Eden file but unconsumed in Ruzu.
dead_code	src/core/src/hle/service/caps/caps_manager.rs	16	constant `NAND_ALBUM_FILE_LIMIT` is never used	PORT_DEBT_OR_RENAMED	NAND_ALBUM_FILE_LIMIT:1	core/hle/service/caps/caps_manager.cpp;core/hle/service/caps/caps_manager.h	Counterpart exists, but direct normalized symbol matching did not prove a live Eden use; manual ownership review retained.
dead_code	src/core/src/hle/service/filesystem/fsp/fsp_srv.rs	162	associated function `make_empty_filesystem` is never used	PORT_DEBT_OR_RENAMED	make_empty_filesystem:0	core/hle/service/filesystem/fsp/fsp_srv.cpp;core/hle/service/filesystem/fsp/fsp_srv.h	Counterpart exists, but direct normalized symbol matching did not prove a live Eden use; manual ownership review retained.
dead_code	src/core/src/hle/service/friend/friend.rs	96	field `service_context` is never read	OWNERSHIP_ANCHOR	service_context:10	core/hle/service/friend/friend.cpp;core/hle/service/friend/friend.h;core/hle/service/friend/friend_interface.cpp;core/hle/service/friend/friend_interface.h	ServiceContext Drop owns event/process cleanup even without an explicit field read.
dead_code	src/core/src/hle/service/friend/friend.rs	480	fields `uuid` and `service_context` are never read	OWNERSHIP_ANCHOR	uuid:40,service_context:10	core/hle/service/friend/friend.cpp;core/hle/service/friend/friend.h;core/hle/service/friend/friend_interface.cpp;core/hle/service/friend/friend_interface.h	ServiceContext Drop owns event/process cleanup even without an explicit field read.
dead_code	src/core/src/hle/service/friend/friend_interface.rs	30	fields `system` and `module` are never read	CONFIRMED_PARITY_DEBT	system:5,module:6	core/hle/service/friend/friend_interface.cpp;core/hle/service/friend/friend_interface.h	Matching symbol is used by the corresponding Eden file but unconsumed in Ruzu.
dead_code	src/core/src/hle/service/glue/time/alarm_worker.rs	25	field `closest_alarm_event` is never read	PORT_DEBT_OR_RENAMED	closest_alarm_event:0	core/hle/service/glue/time/alarm_worker.cpp;core/hle/service/glue/time/alarm_worker.h	Counterpart exists, but direct normalized symbol matching did not prove a live Eden use; manual ownership review retained.
dead_code	src/core/src/hle/service/glue/time/static.rs	49	fields `file_timestamp_worker` and `time_zone_binary` are never read	CONFIRMED_PARITY_DEBT	file_timestamp_worker:3,time_zone_binary:1	core/hle/service/glue/time/static.cpp;core/hle/service/glue/time/static.h	Matching symbol is used by the corresponding Eden file but unconsumed in Ruzu.
dead_code	src/core/src/hle/service/glue/time/time_zone.rs	60	field `system` is never read	CONFIRMED_PARITY_DEBT	system:17	core/hle/service/glue/time/time_zone.cpp;core/hle/service/glue/time/time_zone.h;core/hle/service/glue/time/time_zone_binary.cpp;core/hle/service/glue/time/time_zone_binary.h	Matching symbol is used by the corresponding Eden file but unconsumed in Ruzu.
dead_code	src/core/src/hle/service/glue/time/worker.rs	35	fields `ig_report_network_clock_context_set`, `report_network_clock_context`, `ig_report_ephemeral_clock_context_set`, and `report_ephemeral_clock_context` are never read	PORT_DEBT_OR_RENAMED	ig_report_network_clock_context_set:0,report_network_clock_context:0,ig_report_ephemeral_clock_context_set:0,report_ephemeral_clock_context:0	core/hle/service/glue/time/alarm_worker.cpp;core/hle/service/glue/time/alarm_worker.h;core/hle/service/glue/time/file_timestamp_worker.cpp;core/hle/service/glue/time/file_timestamp_worker.h;core/hle/service/glue/time/worker.cpp;core/hle/service/glue/time/worker.h	Counterpart exists, but direct normalized symbol matching did not prove a live Eden use; manual ownership review retained.
dead_code	src/core/src/hle/service/hid/hid_debug_server.rs	17	fields `resource_manager` and `firmware_settings` are never read	CONFIRMED_PARITY_DEBT	resource_manager:11,firmware_settings:8	core/hle/service/hid/hid_debug_server.cpp;core/hle/service/hid/hid_debug_server.h	Matching symbol is used by the corresponding Eden file but unconsumed in Ruzu.
dead_code	src/core/src/hle/service/jit/jit.rs	26	multiple fields are never read	PORT_DEBT_OR_RENAMED		core/hle/service/jit/jit.cpp;core/hle/service/jit/jit.h;core/hle/service/jit/jit_code_memory.cpp;core/hle/service/jit/jit_code_memory.h;core/hle/service/jit/jit_context.cpp;core/hle/service/jit/jit_context.h	Counterpart exists, but direct normalized symbol matching did not prove a live Eden use; manual ownership review retained.
dead_code	src/core/src/hle/service/ldn/lan_discovery.rs	49	fields `packet_mutex`, `node_changes`, `node_last_states`, `scan_results`, `node_info`, and `host_ip` are never read	CONFIRMED_PARITY_DEBT	packet_mutex:13,node_changes:6,node_last_states:4,scan_results:4,node_info:20,host_ip:6	core/hle/service/ldn/lan_discovery.cpp;core/hle/service/ldn/lan_discovery.h	Matching symbol is used by the corresponding Eden file but unconsumed in Ruzu.
dead_code	src/core/src/hle/service/ldn/lan_discovery.rs	64	method `init_node_state_change` is never used	CONFIRMED_PARITY_DEBT	init_node_state_change:4	core/hle/service/ldn/lan_discovery.cpp;core/hle/service/ldn/lan_discovery.h	Matching symbol is used by the corresponding Eden file but unconsumed in Ruzu.
dead_code	src/core/src/hle/service/ldn/monitor_service.rs	29	field `state` is never read	CONFIRMED_PARITY_DEBT	state:6	core/hle/service/ldn/monitor_service.cpp;core/hle/service/ldn/monitor_service.h;core/hle/service/ldn/sf_monitor_service.cpp;core/hle/service/ldn/sf_monitor_service.h	Matching symbol is used by the corresponding Eden file but unconsumed in Ruzu.
dead_code	src/core/src/hle/service/mii/mii.rs	48	associated function `has_database_source` is never used	PORT_DEBT_OR_RENAMED	has_database_source:0	core/hle/service/mii/mii.cpp;core/hle/service/mii/mii.h;core/hle/service/mii/mii_database.cpp;core/hle/service/mii/mii_database.h;core/hle/service/mii/mii_database_manager.cpp;core/hle/service/mii/mii_database_manager.h;core/hle/service/mii/mii_manager.cpp;core/hle/service/mii/mii_manager.h;core/hle/service/mii/mii_result.h;core/hle/service/mii/mii_types.h;core/hle/service/mii/mii_util.h	Counterpart exists, but direct normalized symbol matching did not prove a live Eden use; manual ownership review retained.
dead_code	src/core/src/hle/service/nfc/common/amiibo_crypto.rs	26	constant `HMAC_DATA_START` is never used	PORT_DEBT_OR_RENAMED	HMAC_DATA_START:1	core/hle/service/nfc/common/amiibo_crypto.cpp;core/hle/service/nfc/common/amiibo_crypto.h	Counterpart exists, but direct normalized symbol matching did not prove a live Eden use; manual ownership review retained.
dead_code	src/core/src/hle/service/nfc/common/device.rs	29	fields `is_plain_amiibo` and `is_write_protected` are never read	CONFIRMED_PARITY_DEBT	is_plain_amiibo:10,is_write_protected:5	core/hle/service/nfc/common/device.cpp;core/hle/service/nfc/common/device.h;core/hle/service/nfc/common/device_manager.cpp;core/hle/service/nfc/common/device_manager.h	Matching symbol is used by the corresponding Eden file but unconsumed in Ruzu.
dead_code	src/core/src/hle/service/nfp/nfp_interface.rs	92	fields `system` and `device_state` are never read	CONFIRMED_PARITY_DEBT	system:5,device_state:0	core/hle/service/nfp/nfp_interface.cpp;core/hle/service/nfp/nfp_interface.h	Matching symbol is used by the corresponding Eden file but unconsumed in Ruzu.
dead_code	src/core/src/hle/service/ns/ecommerce_interface.rs	31	field `system` is never read	CONFIRMED_PARITY_DEBT	system:5	core/hle/service/ns/ecommerce_interface.cpp;core/hle/service/ns/ecommerce_interface.h	Matching symbol is used by the corresponding Eden file but unconsumed in Ruzu.
dead_code	src/core/src/hle/service/nvdrv/devices/nvhost_as_gpu.rs	177	field `container` is never read	CONFIRMED_PARITY_DEBT	container:7	core/hle/service/nvdrv/devices/nvhost_as_gpu.cpp;core/hle/service/nvdrv/devices/nvhost_as_gpu.h	Matching symbol is used by the corresponding Eden file but unconsumed in Ruzu.
dead_code	src/core/src/hle/service/nvdrv/devices/nvhost_as_gpu.rs	195	method `container` is never used	CONFIRMED_PARITY_DEBT	container:7	core/hle/service/nvdrv/devices/nvhost_as_gpu.cpp;core/hle/service/nvdrv/devices/nvhost_as_gpu.h	Matching symbol is used by the corresponding Eden file but unconsumed in Ruzu.
dead_code	src/core/src/hle/service/nvdrv/devices/nvhost_ctrl.rs	70	fields `process` and `scheduler` are never read	PORT_DEBT_OR_RENAMED	process:0,scheduler:0	core/hle/service/nvdrv/devices/nvhost_ctrl.cpp;core/hle/service/nvdrv/devices/nvhost_ctrl.h;core/hle/service/nvdrv/devices/nvhost_ctrl_gpu.cpp;core/hle/service/nvdrv/devices/nvhost_ctrl_gpu.h	Counterpart exists, but direct normalized symbol matching did not prove a live Eden use; manual ownership review retained.
dead_code	src/core/src/hle/service/nvdrv/devices/nvhost_ctrl.rs	184	associated function `signal_event_from_slot` is never used	PORT_DEBT_OR_RENAMED	signal_event_from_slot:0	core/hle/service/nvdrv/devices/nvhost_ctrl.cpp;core/hle/service/nvdrv/devices/nvhost_ctrl.h;core/hle/service/nvdrv/devices/nvhost_ctrl_gpu.cpp;core/hle/service/nvdrv/devices/nvhost_ctrl_gpu.h	Counterpart exists, but direct normalized symbol matching did not prove a live Eden use; manual ownership review retained.
dead_code	src/core/src/hle/service/nvdrv/devices/nvhost_nvdec_common.rs	109	field `submit_timeout` is never read	UPSTREAM_DORMANT_STATE	submit_timeout:1	core/hle/service/nvdrv/devices/nvhost_nvdec_common.cpp;core/hle/service/nvdrv/devices/nvhost_nvdec_common.h	Matching state is only declared in the Eden counterpart too.
dead_code	src/core/src/hle/service/nvdrv/nvdrv_interface.rs	38	fields `output_buffer` and `inline_output_buffer` are never read	CONFIRMED_PARITY_DEBT	output_buffer:10,inline_output_buffer:4	core/hle/service/nvdrv/nvdrv_interface.cpp;core/hle/service/nvdrv/nvdrv_interface.h	Matching symbol is used by the corresponding Eden file but unconsumed in Ruzu.
dead_code	src/core/src/hle/service/olsc/remote_storage_controller.rs	19	field `system` is never read	CONFIRMED_PARITY_DEBT	system:5	core/hle/service/olsc/remote_storage_controller.cpp;core/hle/service/olsc/remote_storage_controller.h	Matching symbol is used by the corresponding Eden file but unconsumed in Ruzu.
dead_code	src/core/src/hle/service/pctl/parental_control_service.rs	129	field `current_tid` is never read	UPSTREAM_DORMANT_STATE	current_tid:1	core/hle/service/pctl/parental_control_service.cpp;core/hle/service/pctl/parental_control_service.h;core/hle/service/pctl/parental_control_service_factory.cpp;core/hle/service/pctl/parental_control_service_factory.h	Matching state is only declared in the Eden counterpart too.
dead_code	src/core/src/hle/service/psc/time/power_state_service.rs	33	field `system` is never read	CONFIRMED_PARITY_DEBT	system:6	core/hle/service/psc/time/power_state_service.cpp;core/hle/service/psc/time/power_state_service.h	Matching symbol is used by the corresponding Eden file but unconsumed in Ruzu.
dead_code	src/core/src/hle/service/psc/time/service_manager.rs	30	field `system` is never read	CONFIRMED_PARITY_DEBT	system:15	core/hle/service/psc/time/service_manager.cpp;core/hle/service/psc/time/service_manager.h	Matching symbol is used by the corresponding Eden file but unconsumed in Ruzu.
dead_code	src/core/src/hle/service/ptm/psm.rs	68	field `system` is never read	CONFIRMED_PARITY_DEBT	system:13	core/hle/service/ptm/psm.cpp;core/hle/service/ptm/psm.h	Matching symbol is used by the corresponding Eden file but unconsumed in Ruzu.
dead_code	src/core/src/hle/service/ro/ro.rs	400	method `generate_random` is never used	CONFIRMED_PARITY_DEBT	generate_random:7	core/hle/service/ro/ro.cpp;core/hle/service/ro/ro.h;core/hle/service/ro/ro_nro_utils.cpp;core/hle/service/ro/ro_nro_utils.h;core/hle/service/ro/ro_results.h;core/hle/service/ro/ro_types.h	Matching symbol is used by the corresponding Eden file but unconsumed in Ruzu.
dead_code	src/core/src/hle/service/set/settings_server.rs	27	constant `RESULT_NULL_POINTER` is never used	CONFIRMED_PARITY_DEBT	RESULT_NULL_POINTER:4	core/hle/service/set/factory_settings_server.cpp;core/hle/service/set/factory_settings_server.h;core/hle/service/set/firmware_debug_settings_server.cpp;core/hle/service/set/firmware_debug_settings_server.h;core/hle/service/set/settings_server.cpp;core/hle/service/set/settings_server.h;core/hle/service/set/system_settings_server.cpp;core/hle/service/set/system_settings_server.h	Matching symbol is used by the corresponding Eden file but unconsumed in Ruzu.
dead_code	src/core/src/hle/service/set/system_settings_server.rs	20	constant `SETTINGS_VERSION` is never used	CONFIRMED_PARITY_DEBT	SETTINGS_VERSION:4	core/hle/service/set/system_settings_server.cpp;core/hle/service/set/system_settings_server.h	Matching symbol is used by the corresponding Eden file but unconsumed in Ruzu.
dead_code	src/core/src/hle/service/set/system_settings_server.rs	23	constant `SETTINGS_MAGIC` is never used	CONFIRMED_PARITY_DEBT	SETTINGS_MAGIC:4	core/hle/service/set/system_settings_server.cpp;core/hle/service/set/system_settings_server.h	Matching symbol is used by the corresponding Eden file but unconsumed in Ruzu.
dead_code	src/core/src/hle/service/sockets/sfdnsres.rs	45	variants `Internal`, `NoRecovery`, and `NoData` are never constructed	CONFIRMED_PARITY_DEBT	Internal:1,NoRecovery:1,NoData:3	core/hle/service/sockets/sfdnsres.cpp;core/hle/service/sockets/sfdnsres.h	Matching symbol is used by the corresponding Eden file but unconsumed in Ruzu.
dead_code	src/core/src/hle/service/vi/display_list.rs	23	method `get_free_display` is never used	CONFIRMED_PARITY_DEBT	get_free_display:2	core/hle/service/vi/display_list.h	Matching symbol is used by the corresponding Eden file but unconsumed in Ruzu.
dead_code	src/core/src/hle/service/vi/layer_list.rs	22	method `get_free_layer` is never used	CONFIRMED_PARITY_DEBT	get_free_layer:2	core/hle/service/vi/layer_list.h	Matching symbol is used by the corresponding Eden file but unconsumed in Ruzu.
dead_code	src/core/src/file_sys/content_archive.rs	71	field `encrypted` is never read	UPSTREAM_DORMANT_STATE	encrypted:1	core/file_sys/content_archive.cpp;core/file_sys/content_archive.h	Matching state is only declared in the Eden counterpart too.
dead_code	src/core/src/file_sys/ips_layer.rs	163	field `name` is never read	UPSTREAM_DORMANT_STATE	name:1	core/file_sys/ips_layer.cpp;core/file_sys/ips_layer.h	Matching state is only declared in the Eden counterpart too.
dead_code	src/core/src/file_sys/vfs/vfs_real.rs	27	constant `MAX_OPEN_FILES` is never used	CONFIRMED_PARITY_DEBT	MAX_OPEN_FILES:2	core/file_sys/vfs/vfs_real.cpp;core/file_sys/vfs/vfs_real.h	Matching symbol is used by the corresponding Eden file but unconsumed in Ruzu.
dead_code	src/core/src/file_sys/vfs/vfs_real.rs	49	field `file` is never read	CONFIRMED_PARITY_DEBT	file:35	core/file_sys/vfs/vfs_real.cpp;core/file_sys/vfs/vfs_real.h	Matching symbol is used by the corresponding Eden file but unconsumed in Ruzu.
dead_code	src/core/src/file_sys/vfs/vfs_real.rs	53	associated function `new` is never used	CONFIRMED_PARITY_DEBT	new:3	core/file_sys/vfs/vfs_real.cpp;core/file_sys/vfs/vfs_real.h	Matching symbol is used by the corresponding Eden file but unconsumed in Ruzu.
dead_code	src/core/src/file_sys/vfs/vfs_real.rs	67	fields `open_references` and `num_open_files` are never read	CONFIRMED_PARITY_DEBT	open_references:6,num_open_files:5	core/file_sys/vfs/vfs_real.cpp;core/file_sys/vfs/vfs_real.h	Matching symbol is used by the corresponding Eden file but unconsumed in Ruzu.
dead_code	src/core/src/file_sys/vfs/vfs_real.rs	73	method `evict_if_needed` is never used	PORT_DEBT_OR_RENAMED	evict_if_needed:0	core/file_sys/vfs/vfs_real.cpp;core/file_sys/vfs/vfs_real.h	Counterpart exists, but direct normalized symbol matching did not prove a live Eden use; manual ownership review retained.
dead_code	src/core/src/file_sys/fssystem/aes_xts_storage.rs	34	field `iv` is never read	CONFIRMED_PARITY_DEBT	iv:4	core/file_sys/fssystem/fssystem_aes_xts_storage.cpp;core/file_sys/fssystem/fssystem_aes_xts_storage.h	Matching symbol is used by the corresponding Eden file but unconsumed in Ruzu.
dead_code	src/core/src/file_sys/fssystem/compressed_storage.rs	39	constant `ENTRIES_COUNT_MAX` is never used	CONFIRMED_PARITY_DEBT	ENTRIES_COUNT_MAX:4	core/file_sys/fssystem/fssystem_compressed_storage.h	Matching symbol is used by the corresponding Eden file but unconsumed in Ruzu.
dead_code	src/core/src/file_sys/fssystem/compressed_storage.rs	44	struct `ReadEntry` is never constructed	PORT_DEBT_OR_RENAMED	ReadEntry:0	core/file_sys/fssystem/fssystem_compressed_storage.h	Counterpart exists, but direct normalized symbol matching did not prove a live Eden use; manual ownership review retained.
dead_code	src/core/src/file_sys/fssystem/hierarchical_sha3_storage.rs	28	field `mutex` is never read	CONFIRMED_PARITY_DEBT	mutex:2	core/file_sys/fssystem/fssystem_hierarchical_sha3_storage.cpp;core/file_sys/fssystem/fssystem_hierarchical_sha3_storage.h	Matching symbol is used by the corresponding Eden file but unconsumed in Ruzu.
dead_code	src/core/src/file_sys/patch_manager.rs	56	variant `FourElements` is never constructed	CONFIRMED_PARITY_DEBT	FourElements:2	core/file_sys/patch_manager.cpp;core/file_sys/patch_manager.h	Matching symbol is used by the corresponding Eden file but unconsumed in Ruzu.
dead_code	src/core/src/loader/kip.rs	40	field `file` is never read	CONFIRMED_PARITY_DEBT	file:6	core/loader/kip.cpp;core/loader/kip.h	Matching symbol is used by the corresponding Eden file but unconsumed in Ruzu.
dead_code	src/core/src/loader/nax.rs	42	field `file` is never read	CONFIRMED_PARITY_DEBT	file:10	core/loader/nax.cpp;core/loader/nax.h	Matching symbol is used by the corresponding Eden file but unconsumed in Ruzu.
dead_code	src/core/src/debugger/gdbstub.rs	21	constant `GDB_STUB_REPLY_ERR` is never used	CONFIRMED_PARITY_DEBT	GDB_STUB_REPLY_ERR:19	core/debugger/gdbstub.cpp;core/debugger/gdbstub.h;core/debugger/gdbstub_arch.cpp;core/debugger/gdbstub_arch.h	Matching symbol is used by the corresponding Eden file but unconsumed in Ruzu.
dead_code	src/core/src/debugger/gdbstub.rs	22	constant `GDB_STUB_REPLY_OK` is never used	CONFIRMED_PARITY_DEBT	GDB_STUB_REPLY_OK:9	core/debugger/gdbstub.cpp;core/debugger/gdbstub.h;core/debugger/gdbstub_arch.cpp;core/debugger/gdbstub_arch.h	Matching symbol is used by the corresponding Eden file but unconsumed in Ruzu.
dead_code	src/core/src/debugger/gdbstub.rs	23	constant `GDB_STUB_REPLY_EMPTY` is never used	CONFIRMED_PARITY_DEBT	GDB_STUB_REPLY_EMPTY:5	core/debugger/gdbstub.cpp;core/debugger/gdbstub.h;core/debugger/gdbstub_arch.cpp;core/debugger/gdbstub_arch.h	Matching symbol is used by the corresponding Eden file but unconsumed in Ruzu.
dead_code	src/core/src/debugger/gdbstub.rs	28	fields `replaced_instructions`, `no_ack`, and `is_64bit` are never read	CONFIRMED_PARITY_DEBT	replaced_instructions:7,no_ack:3,is_64bit:1	core/debugger/gdbstub.cpp;core/debugger/gdbstub.h;core/debugger/gdbstub_arch.cpp;core/debugger/gdbstub_arch.h	Matching symbol is used by the corresponding Eden file but unconsumed in Ruzu.
dead_code	src/core/src/debugger/gdbstub.rs	95	associated function `escape_gdb` is never used	CONFIRMED_PARITY_DEBT	escape_gdb:2	core/debugger/gdbstub.cpp;core/debugger/gdbstub.h;core/debugger/gdbstub_arch.cpp;core/debugger/gdbstub_arch.h	Matching symbol is used by the corresponding Eden file but unconsumed in Ruzu.
dead_code	src/core/src/debugger/gdbstub.rs	212	enum `BreakpointType` is never used	CONFIRMED_PARITY_DEBT	BreakpointType:13	core/debugger/gdbstub.cpp;core/debugger/gdbstub.h;core/debugger/gdbstub_arch.cpp;core/debugger/gdbstub_arch.h	Matching symbol is used by the corresponding Eden file but unconsumed in Ruzu.
mismatched_lifetime_syntaxes	src/core/src/file_sys/fssystem/bucket_tree.rs	372	hiding a lifetime that's elided elsewhere is confusing	RUST_HYGIENE		core/file_sys/fssystem/fssystem_bucket_tree.cpp;core/file_sys/fssystem/fssystem_bucket_tree.h;core/file_sys/fssystem/fssystem_bucket_tree_template_impl.h;core/file_sys/fssystem/fssystem_bucket_tree_utils.h	No behavioral Eden counterpart; mechanical Rust cleanup.
dead_code	src/frontend_common/src/config.rs	40	struct `ConfigArray` is never constructed	CONFIRMED_PARITY_DEBT	ConfigArray:3	frontend_common/config.cpp;frontend_common/config.h	Matching symbol is used by the corresponding Eden file but unconsumed in Ruzu.
unused_imports	src/audio_core/src/adsp/apps/opus/opus_decoder.rs	10	unused import: `common::ResultCode`	RUST_HYGIENE	common::ResultCode:0	audio_core/adsp/apps/opus/opus_decoder.cpp;audio_core/adsp/apps/opus/opus_decoder.h	No behavioral Eden counterpart; mechanical Rust cleanup.
unused_imports	src/video_core/src/dma_pusher.rs	14	unused import: `EngineID`	RUST_HYGIENE	EngineID:0	video_core/cdma_pusher.cpp;video_core/cdma_pusher.h;video_core/dma_pusher.cpp;video_core/dma_pusher.h	No behavioral Eden counterpart; mechanical Rust cleanup.
unused_parens	src/video_core/src/renderer_vulkan/texture_cache.rs	2239	unnecessary parentheses around assigned value	RUST_HYGIENE		video_core/renderer_vulkan/vk_texture_cache.cpp;video_core/renderer_vulkan/vk_texture_cache.h;video_core/renderer_vulkan/vk_texture_cache_base.cpp	No behavioral Eden counterpart; mechanical Rust cleanup.
unused_imports	src/video_core/src/shader_environment.rs	15	unused import: `ConstBufferConfig`	RUST_HYGIENE	ConstBufferConfig:1	video_core/shader_environment.cpp;video_core/shader_environment.h	No behavioral Eden counterpart; mechanical Rust cleanup.
unused_imports	src/video_core/src/shader_environment.rs	17	unused import: `ConstBufferBinding`	RUST_HYGIENE	ConstBufferBinding:0	video_core/shader_environment.cpp;video_core/shader_environment.h	No behavioral Eden counterpart; mechanical Rust cleanup.
unused_imports	src/video_core/src/texture_cache/util.rs	24	unused import: `GOB_SIZE`	RUST_HYGIENE	GOB_SIZE:5	video_core/texture_cache/util.cpp;video_core/texture_cache/util.h	No behavioral Eden counterpart; mechanical Rust cleanup.
unused_assignments	src/audio_core/src/adsp/apps/audio_renderer/audio_renderer.rs	379	value assigned to `prof_shutdown_check_us` is never read	PORT_DEBT_OR_RENAMED	prof_shutdown_check_us:0	audio_core/adsp/apps/audio_renderer/audio_renderer.cpp;audio_core/adsp/apps/audio_renderer/audio_renderer.h	Counterpart exists, but direct normalized symbol matching did not prove a live Eden use; manual ownership review retained.
unused_assignments	src/audio_core/src/adsp/apps/audio_renderer/audio_renderer.rs	374	value assigned to `prof_send_response_us` is never read	PORT_DEBT_OR_RENAMED	prof_send_response_us:0	audio_core/adsp/apps/audio_renderer/audio_renderer.cpp;audio_core/adsp/apps/audio_renderer/audio_renderer.h	Counterpart exists, but direct normalized symbol matching did not prove a live Eden use; manual ownership review retained.
dead_code	src/audio_core/src/sink/cubeb_sink.rs	45	fields `name` and `stream_type` are never read	CONFIRMED_PARITY_DEBT	name:16,stream_type:5	audio_core/sink/cubeb_sink.cpp;audio_core/sink/cubeb_sink.h	Matching symbol is used by the corresponding Eden file but unconsumed in Ruzu.
unused_assignments	src/video_core/src/buffer_cache/buffer_cache.rs	1481	value assigned to `buffer_a` is never read	CONFIRMED_PARITY_DEBT	buffer_a:3	video_core/buffer_cache/buffer_cache.cpp;video_core/buffer_cache/buffer_cache.h;video_core/buffer_cache/buffer_cache_base.h	Matching symbol is used by the corresponding Eden file but unconsumed in Ruzu.
unused_assignments	src/video_core/src/buffer_cache/buffer_cache.rs	1482	value assigned to `buffer_b` is never read	CONFIRMED_PARITY_DEBT	buffer_b:3	video_core/buffer_cache/buffer_cache.cpp;video_core/buffer_cache/buffer_cache.h;video_core/buffer_cache/buffer_cache_base.h	Matching symbol is used by the corresponding Eden file but unconsumed in Ruzu.
unused_mut	src/video_core/src/buffer_cache/word_manager.rs	332	variable does not need to be mutable	RUST_HYGIENE		video_core/buffer_cache/word_manager.h	No behavioral Eden counterpart; mechanical Rust cleanup.
unused_variables	src/video_core/src/buffer_cache/word_manager.rs	384	unused variable: `num_words`	CONFIRMED_PARITY_DEBT	num_words:18	video_core/buffer_cache/word_manager.h	Matching symbol is used by the corresponding Eden file but unconsumed in Ruzu.
unused_variables	src/video_core/src/engines/fermi_2d.rs	1248	unused variable: `is_last_call`	CONFIRMED_PARITY_DEBT	is_last_call:2	video_core/engines/fermi_2d.cpp;video_core/engines/fermi_2d.h	Matching symbol is used by the corresponding Eden file but unconsumed in Ruzu.
unused_mut	src/video_core/src/engines/maxwell_3d.rs	2167	variable does not need to be mutable	RUST_HYGIENE		video_core/engines/maxwell_3d.cpp;video_core/engines/maxwell_3d.h	No behavioral Eden counterpart; mechanical Rust cleanup.
unused_mut	src/video_core/src/host1x/gpu_device_memory_manager.rs	561	variable does not need to be mutable	RUST_HYGIENE		video_core/host1x/gpu_device_memory_manager.cpp;video_core/host1x/gpu_device_memory_manager.h	No behavioral Eden counterpart; mechanical Rust cleanup.
unused_mut	src/video_core/src/host1x/gpu_device_memory_manager.rs	580	variable does not need to be mutable	RUST_HYGIENE		video_core/host1x/gpu_device_memory_manager.cpp;video_core/host1x/gpu_device_memory_manager.h	No behavioral Eden counterpart; mechanical Rust cleanup.
unused_unsafe	src/video_core/src/renderer_opengl/gl_rasterizer.rs	60	unnecessary `unsafe` block	RUST_HYGIENE	unsafe:0	video_core/renderer_opengl/gl_rasterizer.cpp;video_core/renderer_opengl/gl_rasterizer.h	No behavioral Eden counterpart; mechanical Rust cleanup.
unused_unsafe	src/video_core/src/renderer_opengl/gl_rasterizer.rs	61	unnecessary `unsafe` block	RUST_HYGIENE	unsafe:0	video_core/renderer_opengl/gl_rasterizer.cpp;video_core/renderer_opengl/gl_rasterizer.h	No behavioral Eden counterpart; mechanical Rust cleanup.
unused_unsafe	src/video_core/src/renderer_opengl/gl_rasterizer.rs	69	unnecessary `unsafe` block	RUST_HYGIENE	unsafe:0	video_core/renderer_opengl/gl_rasterizer.cpp;video_core/renderer_opengl/gl_rasterizer.h	No behavioral Eden counterpart; mechanical Rust cleanup.
unused_unsafe	src/video_core/src/renderer_opengl/gl_rasterizer.rs	70	unnecessary `unsafe` block	RUST_HYGIENE	unsafe:0	video_core/renderer_opengl/gl_rasterizer.cpp;video_core/renderer_opengl/gl_rasterizer.h	No behavioral Eden counterpart; mechanical Rust cleanup.
unused_variables	src/video_core/src/renderer_vulkan/compute_pass.rs	1555	unused variable: `descriptor_pool`	CONFIRMED_PARITY_DEBT	descriptor_pool:35	video_core/renderer_vulkan/vk_compute_pass.cpp;video_core/renderer_vulkan/vk_compute_pass.h	Matching symbol is used by the corresponding Eden file but unconsumed in Ruzu.
unused_assignments	src/video_core/src/renderer_vulkan/graphics_pipeline.rs	1959	value assigned to `previous_stage_info` is never read	PORT_DEBT_OR_RENAMED	previous_stage_info:0	video_core/renderer_vulkan/vk_graphics_pipeline.cpp;video_core/renderer_vulkan/vk_graphics_pipeline.h	Counterpart exists, but direct normalized symbol matching did not prove a live Eden use; manual ownership review retained.
unused_variables	src/video_core/src/renderer_vulkan/present/layer.rs	190	unused variable: `texture_width`	CONFIRMED_PARITY_DEBT	texture_width:3	video_core/renderer_vulkan/present/layer.cpp;video_core/renderer_vulkan/present/layer.h	Matching symbol is used by the corresponding Eden file but unconsumed in Ruzu.
unused_variables	src/video_core/src/renderer_vulkan/present/layer.rs	191	unused variable: `texture_height`	CONFIRMED_PARITY_DEBT	texture_height:3	video_core/renderer_vulkan/present/layer.cpp;video_core/renderer_vulkan/present/layer.h	Matching symbol is used by the corresponding Eden file but unconsumed in Ruzu.
unused_unsafe	src/video_core/src/renderer_vulkan/texture_cache.rs	780	unnecessary `unsafe` block	RUST_HYGIENE	unsafe:0	video_core/renderer_vulkan/vk_texture_cache.cpp;video_core/renderer_vulkan/vk_texture_cache.h;video_core/renderer_vulkan/vk_texture_cache_base.cpp	No behavioral Eden counterpart; mechanical Rust cleanup.
unused_unsafe	src/video_core/src/renderer_vulkan/texture_cache.rs	830	unnecessary `unsafe` block	RUST_HYGIENE	unsafe:0	video_core/renderer_vulkan/vk_texture_cache.cpp;video_core/renderer_vulkan/vk_texture_cache.h;video_core/renderer_vulkan/vk_texture_cache_base.cpp	No behavioral Eden counterpart; mechanical Rust cleanup.
unused_mut	src/video_core/src/renderer_vulkan/texture_cache.rs	4378	variable does not need to be mutable	RUST_HYGIENE		video_core/renderer_vulkan/vk_texture_cache.cpp;video_core/renderer_vulkan/vk_texture_cache.h;video_core/renderer_vulkan/vk_texture_cache_base.cpp	No behavioral Eden counterpart; mechanical Rust cleanup.
unused_unsafe	src/video_core/src/renderer_vulkan/vk_rasterizer.rs	93	unnecessary `unsafe` block	RUST_HYGIENE	unsafe:0	video_core/renderer_vulkan/vk_rasterizer.cpp;video_core/renderer_vulkan/vk_rasterizer.h	No behavioral Eden counterpart; mechanical Rust cleanup.
unused_unsafe	src/video_core/src/renderer_vulkan/vk_rasterizer.rs	94	unnecessary `unsafe` block	RUST_HYGIENE	unsafe:0	video_core/renderer_vulkan/vk_rasterizer.cpp;video_core/renderer_vulkan/vk_rasterizer.h	No behavioral Eden counterpart; mechanical Rust cleanup.
unused_unsafe	src/video_core/src/renderer_vulkan/vk_rasterizer.rs	102	unnecessary `unsafe` block	RUST_HYGIENE	unsafe:0	video_core/renderer_vulkan/vk_rasterizer.cpp;video_core/renderer_vulkan/vk_rasterizer.h	No behavioral Eden counterpart; mechanical Rust cleanup.
unused_unsafe	src/video_core/src/renderer_vulkan/vk_rasterizer.rs	103	unnecessary `unsafe` block	RUST_HYGIENE	unsafe:0	video_core/renderer_vulkan/vk_rasterizer.cpp;video_core/renderer_vulkan/vk_rasterizer.h	No behavioral Eden counterpart; mechanical Rust cleanup.
unused_variables	src/video_core/src/renderer_vulkan/vk_rasterizer.rs	830	unused variable: `vertex_attribute_divisor_supported`	PORT_DEBT_OR_RENAMED	vertex_attribute_divisor_supported:0	video_core/renderer_vulkan/vk_rasterizer.cpp;video_core/renderer_vulkan/vk_rasterizer.h	Counterpart exists, but direct normalized symbol matching did not prove a live Eden use; manual ownership review retained.
unused_variables	src/video_core/src/renderer_vulkan/vk_rasterizer.rs	831	unused variable: `provoking_vertex_supported`	PORT_DEBT_OR_RENAMED	provoking_vertex_supported:0	video_core/renderer_vulkan/vk_rasterizer.cpp;video_core/renderer_vulkan/vk_rasterizer.h	Counterpart exists, but direct normalized symbol matching did not prove a live Eden use; manual ownership review retained.
unused_variables	src/video_core/src/renderer_vulkan/vk_rasterizer.rs	834	unused variable: `max_push_descriptors`	PORT_DEBT_OR_RENAMED	max_push_descriptors:0	video_core/renderer_vulkan/vk_rasterizer.cpp;video_core/renderer_vulkan/vk_rasterizer.h	Counterpart exists, but direct normalized symbol matching did not prove a live Eden use; manual ownership review retained.
unused_unsafe	src/video_core/src/renderer_vulkan/vk_rasterizer.rs	1470	unnecessary `unsafe` block	RUST_HYGIENE	unsafe:0	video_core/renderer_vulkan/vk_rasterizer.cpp;video_core/renderer_vulkan/vk_rasterizer.h	No behavioral Eden counterpart; mechanical Rust cleanup.
unused_unsafe	src/video_core/src/renderer_vulkan/vk_rasterizer.rs	1481	unnecessary `unsafe` block	RUST_HYGIENE	unsafe:0	video_core/renderer_vulkan/vk_rasterizer.cpp;video_core/renderer_vulkan/vk_rasterizer.h	No behavioral Eden counterpart; mechanical Rust cleanup.
unused_unsafe	src/video_core/src/renderer_vulkan/vk_rasterizer.rs	1492	unnecessary `unsafe` block	RUST_HYGIENE	unsafe:0	video_core/renderer_vulkan/vk_rasterizer.cpp;video_core/renderer_vulkan/vk_rasterizer.h	No behavioral Eden counterpart; mechanical Rust cleanup.
unused_unsafe	src/video_core/src/renderer_vulkan/vk_rasterizer.rs	1503	unnecessary `unsafe` block	RUST_HYGIENE	unsafe:0	video_core/renderer_vulkan/vk_rasterizer.cpp;video_core/renderer_vulkan/vk_rasterizer.h	No behavioral Eden counterpart; mechanical Rust cleanup.
unused_assignments	src/video_core/src/texture_cache/texture_cache.rs	1913	value assigned to `scale_rating` is never read	CONFIRMED_PARITY_DEBT	scale_rating:13	video_core/texture_cache/texture_cache.cpp;video_core/texture_cache/texture_cache.h;video_core/texture_cache/texture_cache_base.h	Matching symbol is used by the corresponding Eden file but unconsumed in Ruzu.
unused_variables	src/video_core/src/texture_cache/util.rs	1000	unused variable: `tile_width_spacing`	CONFIRMED_PARITY_DEBT	tile_width_spacing:27	video_core/texture_cache/util.cpp;video_core/texture_cache/util.h	Matching symbol is used by the corresponding Eden file but unconsumed in Ruzu.
unused_mut	src/video_core/src/textures/astc.rs	273	variable does not need to be mutable	RUST_HYGIENE		video_core/textures/astc.cpp;video_core/textures/astc.h	No behavioral Eden counterpart; mechanical Rust cleanup.
unused_assignments	src/video_core/src/textures/astc.rs	1556	value assigned to `plane_idx` is never read	CONFIRMED_PARITY_DEBT	plane_idx:3	video_core/textures/astc.cpp;video_core/textures/astc.h	Matching symbol is used by the corresponding Eden file but unconsumed in Ruzu.
unused_assignments	src/video_core/src/textures/astc.rs	1557	value assigned to `partition_index` is never read	CONFIRMED_PARITY_DEBT	partition_index:4	video_core/textures/astc.cpp;video_core/textures/astc.h	Matching symbol is used by the corresponding Eden file but unconsumed in Ruzu.
unused_unsafe	src/video_core/src/vulkan_common/vulkan_wrapper.rs	375	unnecessary `unsafe` block	RUST_HYGIENE	unsafe:0	video_core/vulkan_common/vulkan_wrapper.cpp;video_core/vulkan_common/vulkan_wrapper.h	No behavioral Eden counterpart; mechanical Rust cleanup.
unused_unsafe	src/video_core/src/vulkan_common/vulkan_wrapper.rs	382	unnecessary `unsafe` block	RUST_HYGIENE	unsafe:0	video_core/vulkan_common/vulkan_wrapper.cpp;video_core/vulkan_common/vulkan_wrapper.h	No behavioral Eden counterpart; mechanical Rust cleanup.
dead_code	src/video_core/src/buffer_cache/buffer_cache.rs	83	fields `last_index_count` and `immediate_buffer_capacity` are never read	UPSTREAM_DORMANT_STATE	last_index_count:1,immediate_buffer_capacity:1	video_core/buffer_cache/buffer_cache.cpp;video_core/buffer_cache/buffer_cache.h;video_core/buffer_cache/buffer_cache_base.h	Matching state is only declared in the Eden counterpart too.
dead_code	src/video_core/src/buffer_cache/buffer_cache.rs	183	associated items `for_each_enabled_bit`, `immediate_buffer_with_data`, and `immediate_buffer` are never used	CONFIRMED_PARITY_DEBT	for_each_enabled_bit:13,immediate_buffer_with_data:3,immediate_buffer:13	video_core/buffer_cache/buffer_cache.cpp;video_core/buffer_cache/buffer_cache.h;video_core/buffer_cache/buffer_cache_base.h	Matching symbol is used by the corresponding Eden file but unconsumed in Ruzu.
dead_code	src/video_core/src/control/channel_state_cache.rs	116	field `config_mutex` is never read	CONFIRMED_PARITY_DEBT	config_mutex:6	video_core/control/channel_state_cache.cpp;video_core/control/channel_state_cache.h;video_core/control/channel_state_cache.inc	Matching symbol is used by the corresponding Eden file but unconsumed in Ruzu.
dead_code	src/video_core/src/engines/fermi_2d.rs	24	constant `DST_LINEAR` is never used	PORT_DEBT_OR_RENAMED	DST_LINEAR:0	video_core/engines/fermi_2d.cpp;video_core/engines/fermi_2d.h	Counterpart exists, but direct normalized symbol matching did not prove a live Eden use; manual ownership review retained.
dead_code	src/video_core/src/engines/fermi_2d.rs	25	constant `DST_BLOCK_DIMENSIONS` is never used	PORT_DEBT_OR_RENAMED	DST_BLOCK_DIMENSIONS:0	video_core/engines/fermi_2d.cpp;video_core/engines/fermi_2d.h	Counterpart exists, but direct normalized symbol matching did not prove a live Eden use; manual ownership review retained.
dead_code	src/video_core/src/engines/fermi_2d.rs	27	constant `DST_LAYER` is never used	PORT_DEBT_OR_RENAMED	DST_LAYER:0	video_core/engines/fermi_2d.cpp;video_core/engines/fermi_2d.h	Counterpart exists, but direct normalized symbol matching did not prove a live Eden use; manual ownership review retained.
dead_code	src/video_core/src/engines/fermi_2d.rs	36	constant `SRC_LINEAR` is never used	PORT_DEBT_OR_RENAMED	SRC_LINEAR:0	video_core/engines/fermi_2d.cpp;video_core/engines/fermi_2d.h	Counterpart exists, but direct normalized symbol matching did not prove a live Eden use; manual ownership review retained.
dead_code	src/video_core/src/engines/fermi_2d.rs	37	constant `SRC_BLOCK_DIMENSIONS` is never used	PORT_DEBT_OR_RENAMED	SRC_BLOCK_DIMENSIONS:0	video_core/engines/fermi_2d.cpp;video_core/engines/fermi_2d.h	Counterpart exists, but direct normalized symbol matching did not prove a live Eden use; manual ownership review retained.
dead_code	src/video_core/src/engines/fermi_2d.rs	39	constant `SRC_LAYER` is never used	PORT_DEBT_OR_RENAMED	SRC_LAYER:0	video_core/engines/fermi_2d.cpp;video_core/engines/fermi_2d.h	Counterpart exists, but direct normalized symbol matching did not prove a live Eden use; manual ownership review retained.
dead_code	src/video_core/src/engines/fermi_2d.rs	47	constant `OPERATION` is never used	CONFIRMED_PARITY_DEBT	OPERATION:11	video_core/engines/fermi_2d.cpp;video_core/engines/fermi_2d.h	Matching symbol is used by the corresponding Eden file but unconsumed in Ruzu.
dead_code	src/video_core/src/engines/fermi_2d.rs	48	constant `CLIP_ENABLE` is never used	CONFIRMED_PARITY_DEBT	CLIP_ENABLE:3	video_core/engines/fermi_2d.cpp;video_core/engines/fermi_2d.h	Matching symbol is used by the corresponding Eden file but unconsumed in Ruzu.
dead_code	src/video_core/src/engines/fermi_2d.rs	51	constant `PIXELS_FROM_MEMORY_SAMPLE_MODE` is never used	PORT_DEBT_OR_RENAMED	PIXELS_FROM_MEMORY_SAMPLE_MODE:0	video_core/engines/fermi_2d.cpp;video_core/engines/fermi_2d.h	Counterpart exists, but direct normalized symbol matching did not prove a live Eden use; manual ownership review retained.
dead_code	src/video_core/src/engines/fermi_2d.rs	52	constant `PIXELS_FROM_MEMORY_DST_X0` is never used	PORT_DEBT_OR_RENAMED	PIXELS_FROM_MEMORY_DST_X0:0	video_core/engines/fermi_2d.cpp;video_core/engines/fermi_2d.h	Counterpart exists, but direct normalized symbol matching did not prove a live Eden use; manual ownership review retained.
dead_code	src/video_core/src/engines/fermi_2d.rs	53	constant `PIXELS_FROM_MEMORY_DST_Y0` is never used	PORT_DEBT_OR_RENAMED	PIXELS_FROM_MEMORY_DST_Y0:0	video_core/engines/fermi_2d.cpp;video_core/engines/fermi_2d.h	Counterpart exists, but direct normalized symbol matching did not prove a live Eden use; manual ownership review retained.
dead_code	src/video_core/src/engines/fermi_2d.rs	54	constant `PIXELS_FROM_MEMORY_DST_WIDTH` is never used	PORT_DEBT_OR_RENAMED	PIXELS_FROM_MEMORY_DST_WIDTH:0	video_core/engines/fermi_2d.cpp;video_core/engines/fermi_2d.h	Counterpart exists, but direct normalized symbol matching did not prove a live Eden use; manual ownership review retained.
dead_code	src/video_core/src/engines/fermi_2d.rs	55	constant `PIXELS_FROM_MEMORY_DST_HEIGHT` is never used	PORT_DEBT_OR_RENAMED	PIXELS_FROM_MEMORY_DST_HEIGHT:0	video_core/engines/fermi_2d.cpp;video_core/engines/fermi_2d.h	Counterpart exists, but direct normalized symbol matching did not prove a live Eden use; manual ownership review retained.
dead_code	src/video_core/src/engines/fermi_2d.rs	56	constant `PIXELS_FROM_MEMORY_DU_DX_LOW` is never used	PORT_DEBT_OR_RENAMED	PIXELS_FROM_MEMORY_DU_DX_LOW:0	video_core/engines/fermi_2d.cpp;video_core/engines/fermi_2d.h	Counterpart exists, but direct normalized symbol matching did not prove a live Eden use; manual ownership review retained.
dead_code	src/video_core/src/engines/fermi_2d.rs	57	constant `PIXELS_FROM_MEMORY_DU_DX_HIGH` is never used	PORT_DEBT_OR_RENAMED	PIXELS_FROM_MEMORY_DU_DX_HIGH:0	video_core/engines/fermi_2d.cpp;video_core/engines/fermi_2d.h	Counterpart exists, but direct normalized symbol matching did not prove a live Eden use; manual ownership review retained.
dead_code	src/video_core/src/engines/fermi_2d.rs	58	constant `PIXELS_FROM_MEMORY_DV_DY_LOW` is never used	PORT_DEBT_OR_RENAMED	PIXELS_FROM_MEMORY_DV_DY_LOW:0	video_core/engines/fermi_2d.cpp;video_core/engines/fermi_2d.h	Counterpart exists, but direct normalized symbol matching did not prove a live Eden use; manual ownership review retained.
dead_code	src/video_core/src/engines/fermi_2d.rs	59	constant `PIXELS_FROM_MEMORY_DV_DY_HIGH` is never used	PORT_DEBT_OR_RENAMED	PIXELS_FROM_MEMORY_DV_DY_HIGH:0	video_core/engines/fermi_2d.cpp;video_core/engines/fermi_2d.h	Counterpart exists, but direct normalized symbol matching did not prove a live Eden use; manual ownership review retained.
dead_code	src/video_core/src/engines/fermi_2d.rs	60	constant `PIXELS_FROM_MEMORY_SRC_X0_LOW` is never used	PORT_DEBT_OR_RENAMED	PIXELS_FROM_MEMORY_SRC_X0_LOW:0	video_core/engines/fermi_2d.cpp;video_core/engines/fermi_2d.h	Counterpart exists, but direct normalized symbol matching did not prove a live Eden use; manual ownership review retained.
dead_code	src/video_core/src/engines/fermi_2d.rs	61	constant `PIXELS_FROM_MEMORY_SRC_X0_HIGH` is never used	PORT_DEBT_OR_RENAMED	PIXELS_FROM_MEMORY_SRC_X0_HIGH:0	video_core/engines/fermi_2d.cpp;video_core/engines/fermi_2d.h	Counterpart exists, but direct normalized symbol matching did not prove a live Eden use; manual ownership review retained.
dead_code	src/video_core/src/engines/fermi_2d.rs	62	constant `PIXELS_FROM_MEMORY_SRC_Y0_LOW` is never used	PORT_DEBT_OR_RENAMED	PIXELS_FROM_MEMORY_SRC_Y0_LOW:0	video_core/engines/fermi_2d.cpp;video_core/engines/fermi_2d.h	Counterpart exists, but direct normalized symbol matching did not prove a live Eden use; manual ownership review retained.
dead_code	src/video_core/src/engines/fermi_2d.rs	287	methods `block_width`, `block_height`, and `block_depth` are never used	PORT_DEBT_OR_RENAMED	block_width:1,block_height:1,block_depth:1	video_core/engines/fermi_2d.cpp;video_core/engines/fermi_2d.h	Counterpart exists, but direct normalized symbol matching did not prove a live Eden use; manual ownership review retained.
dead_code	src/video_core/src/engines/fermi_2d.rs	345	method `get` is never used	PORT_DEBT_OR_RENAMED	get:0	video_core/engines/fermi_2d.cpp;video_core/engines/fermi_2d.h	Counterpart exists, but direct normalized symbol matching did not prove a live Eden use; manual ownership review retained.
dead_code	src/video_core/src/engines/fermi_2d.rs	355	method `get` is never used	PORT_DEBT_OR_RENAMED	get:0	video_core/engines/fermi_2d.cpp;video_core/engines/fermi_2d.h	Counterpart exists, but direct normalized symbol matching did not prove a live Eden use; manual ownership review retained.
dead_code	src/video_core/src/engines/fermi_2d.rs	365	method `get` is never used	PORT_DEBT_OR_RENAMED	get:0	video_core/engines/fermi_2d.cpp;video_core/engines/fermi_2d.h	Counterpart exists, but direct normalized symbol matching did not prove a live Eden use; manual ownership review retained.
dead_code	src/video_core/src/engines/fermi_2d.rs	375	method `get` is never used	PORT_DEBT_OR_RENAMED	get:0	video_core/engines/fermi_2d.cpp;video_core/engines/fermi_2d.h	Counterpart exists, but direct normalized symbol matching did not prove a live Eden use; manual ownership review retained.
dead_code	src/video_core/src/engines/fermi_2d.rs	388	method `get` is never used	PORT_DEBT_OR_RENAMED	get:0	video_core/engines/fermi_2d.cpp;video_core/engines/fermi_2d.h	Counterpart exists, but direct normalized symbol matching did not prove a live Eden use; manual ownership review retained.
dead_code	src/video_core/src/engines/fermi_2d.rs	401	method `get` is never used	PORT_DEBT_OR_RENAMED	get:0	video_core/engines/fermi_2d.cpp;video_core/engines/fermi_2d.h	Counterpart exists, but direct normalized symbol matching did not prove a live Eden use; manual ownership review retained.
dead_code	src/video_core/src/engines/fermi_2d.rs	411	method `get` is never used	PORT_DEBT_OR_RENAMED	get:0	video_core/engines/fermi_2d.cpp;video_core/engines/fermi_2d.h	Counterpart exists, but direct normalized symbol matching did not prove a live Eden use; manual ownership review retained.
dead_code	src/video_core/src/engines/fermi_2d.rs	426	method `get` is never used	PORT_DEBT_OR_RENAMED	get:0	video_core/engines/fermi_2d.cpp;video_core/engines/fermi_2d.h	Counterpart exists, but direct normalized symbol matching did not prove a live Eden use; manual ownership review retained.
dead_code	src/video_core/src/engines/fermi_2d.rs	439	method `get` is never used	PORT_DEBT_OR_RENAMED	get:0	video_core/engines/fermi_2d.cpp;video_core/engines/fermi_2d.h	Counterpart exists, but direct normalized symbol matching did not prove a live Eden use; manual ownership review retained.
dead_code	src/video_core/src/engines/fermi_2d.rs	455	method `get` is never used	PORT_DEBT_OR_RENAMED	get:0	video_core/engines/fermi_2d.cpp;video_core/engines/fermi_2d.h	Counterpart exists, but direct normalized symbol matching did not prove a live Eden use; manual ownership review retained.
dead_code	src/video_core/src/engines/fermi_2d.rs	483	method `get` is never used	PORT_DEBT_OR_RENAMED	get:0	video_core/engines/fermi_2d.cpp;video_core/engines/fermi_2d.h	Counterpart exists, but direct normalized symbol matching did not prove a live Eden use; manual ownership review retained.
dead_code	src/video_core/src/engines/fermi_2d.rs	493	method `get` is never used	PORT_DEBT_OR_RENAMED	get:0	video_core/engines/fermi_2d.cpp;video_core/engines/fermi_2d.h	Counterpart exists, but direct normalized symbol matching did not prove a live Eden use; manual ownership review retained.
dead_code	src/video_core/src/engines/fermi_2d.rs	522	method `get` is never used	PORT_DEBT_OR_RENAMED	get:0	video_core/engines/fermi_2d.cpp;video_core/engines/fermi_2d.h	Counterpart exists, but direct normalized symbol matching did not prove a live Eden use; manual ownership review retained.
dead_code	src/video_core/src/engines/fermi_2d.rs	537	method `get` is never used	PORT_DEBT_OR_RENAMED	get:0	video_core/engines/fermi_2d.cpp;video_core/engines/fermi_2d.h	Counterpart exists, but direct normalized symbol matching did not prove a live Eden use; manual ownership review retained.
dead_code	src/video_core/src/engines/fermi_2d.rs	554	method `get` is never used	PORT_DEBT_OR_RENAMED	get:0	video_core/engines/fermi_2d.cpp;video_core/engines/fermi_2d.h	Counterpart exists, but direct normalized symbol matching did not prove a live Eden use; manual ownership review retained.
dead_code	src/video_core/src/engines/fermi_2d.rs	567	method `get` is never used	PORT_DEBT_OR_RENAMED	get:0	video_core/engines/fermi_2d.cpp;video_core/engines/fermi_2d.h	Counterpart exists, but direct normalized symbol matching did not prove a live Eden use; manual ownership review retained.
dead_code	src/video_core/src/engines/fermi_2d.rs	594	methods `block_shape`, `corral_size`, and `safe_overlap` are never used	PORT_DEBT_OR_RENAMED	block_shape:1,corral_size:1,safe_overlap:1	video_core/engines/fermi_2d.cpp;video_core/engines/fermi_2d.h	Counterpart exists, but direct normalized symbol matching did not prove a live Eden use; manual ownership review retained.
dead_code	src/video_core/src/engines/fermi_2d.rs	654	methods `b`, `g`, `r`, and `a` are never used	CONFIRMED_PARITY_DEBT	b:1,g:1,r:1,a:2	video_core/engines/fermi_2d.cpp;video_core/engines/fermi_2d.h	Matching symbol is used by the corresponding Eden file but unconsumed in Ruzu.
dead_code	src/video_core/src/engines/fermi_2d.rs	681	methods `x` and `y` are never used	CONFIRMED_PARITY_DEBT	x:4,y:2	video_core/engines/fermi_2d.cpp;video_core/engines/fermi_2d.h	Matching symbol is used by the corresponding Eden file but unconsumed in Ruzu.
dead_code	src/video_core/src/engines/fermi_2d.rs	705	methods `color_format`, `format`, `color0`, `color1`, `pattern0`, and `pattern1` are never used	CONFIRMED_PARITY_DEBT	color_format:2,format:5,color0:2,color1:2,pattern0:1,pattern1:1	video_core/engines/fermi_2d.cpp;video_core/engines/fermi_2d.h	Matching symbol is used by the corresponding Eden file but unconsumed in Ruzu.
dead_code	src/video_core/src/engines/fermi_2d.rs	743	methods `x8r8g8b8`, `r5g6b5`, `x1r5g5b5`, and `y8` are never used	CONFIRMED_PARITY_DEBT	x8r8g8b8:1,r5g6b5:1,x1r5g5b5:1,y8:2	video_core/engines/fermi_2d.cpp;video_core/engines/fermi_2d.h	Matching symbol is used by the corresponding Eden file but unconsumed in Ruzu.
dead_code	src/video_core/src/engines/fermi_2d.rs	782	methods `x` and `y` are never used	CONFIRMED_PARITY_DEBT	x:4,y:2	video_core/engines/fermi_2d.cpp;video_core/engines/fermi_2d.h	Matching symbol is used by the corresponding Eden file but unconsumed in Ruzu.
dead_code	src/video_core/src/engines/fermi_2d.rs	808	methods `prim_mode`, `prim_color_format`, `prim_color`, `line_tie_break_bits`, `prim_point_xy`, and `prim_point` are never used	PORT_DEBT_OR_RENAMED	prim_mode:1,prim_color_format:1,prim_color:1,line_tie_break_bits:1,prim_point_xy:1,prim_point:1	video_core/engines/fermi_2d.cpp;video_core/engines/fermi_2d.h	Counterpart exists, but direct normalized symbol matching did not prove a live Eden use; manual ownership review retained.
dead_code	src/video_core/src/engines/fermi_2d.rs	877	multiple methods are never used	PORT_DEBT_OR_RENAMED		video_core/engines/fermi_2d.cpp;video_core/engines/fermi_2d.h	Counterpart exists, but direct normalized symbol matching did not prove a live Eden use; manual ownership review retained.
dead_code	src/video_core/src/engines/fermi_2d.rs	1086	methods `render_enable_address`, `render_enable_mode`, `color_key_format`, and `color_key_enabled` are never used	CONFIRMED_PARITY_DEBT	render_enable_address:0,render_enable_mode:3,color_key_format:4,color_key_enabled:0	video_core/engines/fermi_2d.cpp;video_core/engines/fermi_2d.h	Matching symbol is used by the corresponding Eden file but unconsumed in Ruzu.
dead_code	src/video_core/src/engines/fermi_2d.rs	1223	methods `upstream_reg_array` and `regs_raw` are never used	PORT_DEBT_OR_RENAMED	upstream_reg_array:0,regs_raw:0	video_core/engines/fermi_2d.cpp;video_core/engines/fermi_2d.h	Counterpart exists, but direct normalized symbol matching did not prove a live Eden use; manual ownership review retained.
dead_code	src/video_core/src/engines/kepler_compute.rs	274	methods `get_tic_entry` and `get_tsc_entry` are never used	CONFIRMED_PARITY_DEBT	get_tic_entry:2,get_tsc_entry:2	video_core/engines/kepler_compute.cpp;video_core/engines/kepler_compute.h	Matching symbol is used by the corresponding Eden file but unconsumed in Ruzu.
dead_code	src/video_core/src/engines/kepler_memory.rs	87	field `memory_manager` is never read	CONFIRMED_PARITY_DEBT	memory_manager:7	video_core/engines/kepler_memory.cpp;video_core/engines/kepler_memory.h	Matching symbol is used by the corresponding Eden file but unconsumed in Ruzu.
dead_code	src/video_core/src/engines/maxwell_3d.rs	36	methods `call_method` and `read_reg` are never used	CONFIRMED_PARITY_DEBT	call_method:3,read_reg:0	video_core/engines/maxwell_3d.cpp;video_core/engines/maxwell_3d.h	Matching symbol is used by the corresponding Eden file but unconsumed in Ruzu.
dead_code	src/video_core/src/engines/maxwell_3d.rs	271	constant `NUM_VERTEX_ARRAYS` is never used	CONFIRMED_PARITY_DEBT	NUM_VERTEX_ARRAYS:5	video_core/engines/maxwell_3d.cpp;video_core/engines/maxwell_3d.h	Matching symbol is used by the corresponding Eden file but unconsumed in Ruzu.
dead_code	src/video_core/src/engines/maxwell_3d.rs	359	constant `MACRO_METHODS_END` is never used	PORT_DEBT_OR_RENAMED	MACRO_METHODS_END:0	video_core/engines/maxwell_3d.cpp;video_core/engines/maxwell_3d.h	Counterpart exists, but direct normalized symbol matching did not prove a live Eden use; manual ownership review retained.
dead_code	src/video_core/src/engines/maxwell_3d.rs	457	constant `RT_FORMAT_A8B8G8R8_UNORM` is never used	PORT_DEBT_OR_RENAMED	RT_FORMAT_A8B8G8R8_UNORM:0	video_core/engines/maxwell_3d.cpp;video_core/engines/maxwell_3d.h	Counterpart exists, but direct normalized symbol matching did not prove a live Eden use; manual ownership review retained.
dead_code	src/video_core/src/engines/maxwell_3d.rs	458	constant `RT_FORMAT_A8B8G8R8_SRGB` is never used	PORT_DEBT_OR_RENAMED	RT_FORMAT_A8B8G8R8_SRGB:0	video_core/engines/maxwell_3d.cpp;video_core/engines/maxwell_3d.h	Counterpart exists, but direct normalized symbol matching did not prove a live Eden use; manual ownership review retained.
dead_code	src/video_core/src/engines/maxwell_3d.rs	2260	methods `handle_draw_begin`, `handle_draw_end`, `flush_deferred_draw`, `handle_report_semaphore`, `handle_cb_data`, and `handle_cb_bind` are never used	PORT_DEBT_OR_RENAMED	handle_draw_begin:0,handle_draw_end:0,flush_deferred_draw:0,handle_report_semaphore:0,handle_cb_data:0,handle_cb_bind:0	video_core/engines/maxwell_3d.cpp;video_core/engines/maxwell_3d.h	Counterpart exists, but direct normalized symbol matching did not prove a live Eden use; manual ownership review retained.
dead_code	src/video_core/src/engines/maxwell_3d.rs	4145	methods `dirty_tables`, `process_macro_upload`, `process_method`, and `handle_macro_method` are never used	CONFIRMED_PARITY_DEBT	dirty_tables:0,process_macro_upload:2,process_method:0,handle_macro_method:0	video_core/engines/maxwell_3d.cpp;video_core/engines/maxwell_3d.h	Matching symbol is used by the corresponding Eden file but unconsumed in Ruzu.
dead_code	src/video_core/src/engines/maxwell_dma.rs	148	constant `LAUNCH_DATA_TRANSFER_TYPE_MASK` is never used	PORT_DEBT_OR_RENAMED	LAUNCH_DATA_TRANSFER_TYPE_MASK:0	video_core/engines/maxwell_dma.cpp;video_core/engines/maxwell_dma.h	Counterpart exists, but direct normalized symbol matching did not prove a live Eden use; manual ownership review retained.
dead_code	src/video_core/src/engines/maxwell_dma.rs	149	constant `LAUNCH_DATA_TRANSFER_NON_PIPELINED` is never used	PORT_DEBT_OR_RENAMED	LAUNCH_DATA_TRANSFER_NON_PIPELINED:0	video_core/engines/maxwell_dma.cpp;video_core/engines/maxwell_dma.h	Counterpart exists, but direct normalized symbol matching did not prove a live Eden use; manual ownership review retained.
dead_code	src/video_core/src/engines/maxwell_dma.rs	179	method `launch_data_transfer_type` is never used	PORT_DEBT_OR_RENAMED	launch_data_transfer_type:0	video_core/engines/maxwell_dma.cpp;video_core/engines/maxwell_dma.h	Counterpart exists, but direct normalized symbol matching did not prove a live Eden use; manual ownership review retained.
dead_code	src/video_core/src/engines/puller.rs	338	field `gpu` is never read	CONFIRMED_PARITY_DEBT	gpu:6	video_core/engines/puller.cpp;video_core/engines/puller.h	Matching symbol is used by the corresponding Eden file but unconsumed in Ruzu.
dead_code	src/video_core/src/host1x/ffmpeg/ffmpeg.rs	285	field `codec` is never read	PORT_DEBT_OR_RENAMED	m_decoder:multiple	video_core/host1x/ffmpeg.cpp;video_core/host1x/ffmpeg.h	Eden retains the Decoder owner/reference and uses it during context construction; Ruzu stores only a copied codec enum but creates the shim context later from a method argument.
dead_code	src/video_core/src/host1x/ffmpeg/ffmpeg.rs	46	function `ruzu_ffmpeg_decoder_receive_frame` is never used	REPRESENTATION_DIFFERENCE	avcodec_receive_frame:1	video_core/host1x/ffmpeg.cpp;video_core/host1x/ffmpeg.h	The active Rust FFI uses receive_frame_with_hw_transfer, which combines Eden's receive and optional hardware-transfer sequence inside the C shim.
dead_code	src/video_core/src/host1x/gpu_device_memory_manager.rs	396	method `gather_values` is never used	PORT_DEBT_OR_RENAMED	gather_values:0	video_core/host1x/gpu_device_memory_manager.cpp;video_core/host1x/gpu_device_memory_manager.h	Counterpart exists, but direct normalized symbol matching did not prove a live Eden use; manual ownership review retained.
dead_code	src/video_core/src/host1x/gpu_device_memory_manager.rs	519	method `gather_device_pages` is never used	PORT_DEBT_OR_RENAMED	gather_device_pages:0	video_core/host1x/gpu_device_memory_manager.cpp;video_core/host1x/gpu_device_memory_manager.h	Counterpart exists, but direct normalized symbol matching did not prove a live Eden use; manual ownership review retained.
dead_code	src/video_core/src/host1x/vic.rs	764	field `syncpoint` is never read	CONFIRMED_PARITY_DEBT	syncpoint:2	video_core/host1x/gpu_device_memory_manager.cpp;video_core/host1x/gpu_device_memory_manager.h;video_core/host1x/vic.cpp;video_core/host1x/vic.h	Matching symbol is used by the corresponding Eden file but unconsumed in Ruzu.
dead_code	src/video_core/src/macro_engine/macro_engine.rs	287	field `hash` is never read	CONFIRMED_PARITY_DEBT	hash:3	video_core/macro.cpp;video_core/macro.h	Eden reads CacheInfo::hash when dump_macros is enabled; Ruzu has the setting and a dump stub but never performs the dump.
dead_code	src/video_core/src/memory_manager.rs	1853	method `write` is never used	CONFIRMED_PARITY_DEBT	write:7	video_core/memory_manager.cpp;video_core/memory_manager.h	Matching symbol is used by the corresponding Eden file but unconsumed in Ruzu.
dead_code	src/video_core/src/renderer_opengl/gl_rasterizer.rs	1822	field `staging_buffer_pool` is never read	OWNERSHIP_ANCHOR	staging_buffer_pool:4	video_core/renderer_opengl/gl_rasterizer.cpp;video_core/renderer_opengl/gl_rasterizer.h	Shared owner retained for renderer lifetime.
dead_code	src/video_core/src/renderer_opengl/gl_state_tracker.rs	462	method `active_flags` is never used	PORT_DEBT_OR_RENAMED	active_flags:0	video_core/renderer_opengl/gl_state_tracker.cpp;video_core/renderer_opengl/gl_state_tracker.h	Counterpart exists, but direct normalized symbol matching did not prove a live Eden use; manual ownership review retained.
dead_code	src/video_core/src/renderer_opengl/gl_texture_cache.rs	2966	methods `backend_image_mut`, `base_image_view_exists`, `find_or_insert_mapped_image`, `find_mapped_image_with_options`, and `find_or_insert_mapped_image_with_options` are never used	PORT_DEBT_OR_RENAMED	backend_image_mut:0,base_image_view_exists:0,find_or_insert_mapped_image:0,find_mapped_image_with_options:0,find_or_insert_mapped_image_with_options:0	video_core/renderer_opengl/gl_texture_cache.cpp;video_core/renderer_opengl/gl_texture_cache.h;video_core/renderer_opengl/gl_texture_cache_base.cpp	Counterpart exists, but direct normalized symbol matching did not prove a live Eden use; manual ownership review retained.
dead_code	src/video_core/src/renderer_vulkan/blit_image.rs	173	function `compute_push_constants` is never used	PORT_DEBT_OR_RENAMED	compute_push_constants:0	video_core/renderer_vulkan/blit_image.cpp;video_core/renderer_vulkan/blit_image.h	Counterpart exists, but direct normalized symbol matching did not prove a live Eden use; manual ownership review retained.
dead_code	src/video_core/src/renderer_vulkan/compute_pass.rs	35	constant `ASTC_NUM_BINDINGS` is never used	CONFIRMED_PARITY_DEBT	ASTC_NUM_BINDINGS:3	video_core/renderer_vulkan/vk_compute_pass.cpp;video_core/renderer_vulkan/vk_compute_pass.h	Matching symbol is used by the corresponding Eden file but unconsumed in Ruzu.
dead_code	src/video_core/src/renderer_vulkan/compute_pass.rs	1488	field `modules` is never read	PORT_DEBT_OR_RENAMED	modules:0	video_core/renderer_vulkan/vk_compute_pass.cpp;video_core/renderer_vulkan/vk_compute_pass.h	Counterpart exists, but direct normalized symbol matching did not prove a live Eden use; manual ownership review retained.
dead_code	src/video_core/src/renderer_vulkan/compute_pipeline.rs	87	field `shader_hash` is never read	CONFIRMED_PARITY_DEBT	shader_hash:7	video_core/renderer_vulkan/vk_compute_pipeline.cpp;video_core/renderer_vulkan/vk_compute_pipeline.h	Matching symbol is used by the corresponding Eden file but unconsumed in Ruzu.
dead_code	src/video_core/src/renderer_vulkan/graphics_pipeline.rs	1845	field `shader_cache` is never read	OWNERSHIP_ANCHOR	shader_cache:0	video_core/renderer_vulkan/vk_graphics_pipeline.cpp;video_core/renderer_vulkan/vk_graphics_pipeline.h	Pipeline-cache owner retained for Vulkan object lifetime.
dead_code	src/video_core/src/renderer_vulkan/graphics_pipeline.rs	2646	function `cast_attribute_type` is never used	PORT_DEBT_OR_RENAMED	cast_attribute_type:0	video_core/renderer_vulkan/vk_graphics_pipeline.cpp;video_core/renderer_vulkan/vk_graphics_pipeline.h	Counterpart exists, but direct normalized symbol matching did not prove a live Eden use; manual ownership review retained.
dead_code	src/video_core/src/renderer_vulkan/pipeline_cache.rs	777	fields `descriptor_pool` and `render_pass_cache` are never read	CONFIRMED_PARITY_DEBT	descriptor_pool:11,render_pass_cache:10	video_core/renderer_vulkan/vk_pipeline_cache.cpp;video_core/renderer_vulkan/vk_pipeline_cache.h	Matching symbol is used by the corresponding Eden file but unconsumed in Ruzu.
dead_code	src/video_core/src/renderer_vulkan/present/fsr.rs	58	field `image_count` is never read	CONFIRMED_PARITY_DEBT	image_count:3	video_core/renderer_vulkan/present/fsr.cpp;video_core/renderer_vulkan/present/fsr.h	Matching symbol is used by the corresponding Eden file but unconsumed in Ruzu.
dead_code	src/video_core/src/renderer_vulkan/present/fxaa.rs	36	field `image_count` is never read	CONFIRMED_PARITY_DEBT	image_count:3	video_core/renderer_vulkan/present/fxaa.cpp;video_core/renderer_vulkan/present/fxaa.h	Matching symbol is used by the corresponding Eden file but unconsumed in Ruzu.
dead_code	src/video_core/src/renderer_vulkan/present/layer.rs	85	field `descriptor_pool` is never read	CONFIRMED_PARITY_DEBT	descriptor_pool:4	video_core/renderer_vulkan/present/layer.cpp;video_core/renderer_vulkan/present/layer.h	Matching symbol is used by the corresponding Eden file but unconsumed in Ruzu.
dead_code	src/video_core/src/renderer_vulkan/present/sgsr.rs	28	field `edge_dir` is never read	CONFIRMED_PARITY_DEBT	edge_dir:3	video_core/renderer_vulkan/present/sgsr.cpp;video_core/renderer_vulkan/present/sgsr.h	Matching symbol is used by the corresponding Eden file but unconsumed in Ruzu.
dead_code	src/video_core/src/renderer_vulkan/present/smaa.rs	79	field `image_count` is never read	CONFIRMED_PARITY_DEBT	image_count:3	video_core/renderer_vulkan/present/smaa.cpp;video_core/renderer_vulkan/present/smaa.h	Matching symbol is used by the corresponding Eden file but unconsumed in Ruzu.
dead_code	src/video_core/src/renderer_vulkan/query_cache.rs	1109	field `enabled` is never read	PORT_DEBT_OR_RENAMED	enabled:0	video_core/renderer_vulkan/vk_query_cache.cpp;video_core/renderer_vulkan/vk_query_cache.h	Counterpart exists, but direct normalized symbol matching did not prove a live Eden use; manual ownership review retained.
dead_code	src/video_core/src/renderer_vulkan/renderer_vulkan.rs	124	fields `turbo_mode`, `state_tracker`, `surface`, `debug_messenger`, and `instance` are never read	OWNERSHIP_ANCHOR	turbo_mode:4,state_tracker:5,surface:9,debug_messenger:2,instance:15	video_core/renderer_vulkan/renderer_vulkan.cpp;video_core/renderer_vulkan/renderer_vulkan.h	Arc/Box/custom wrapper fields retain resources and destruction order used by dependent raw pointers.
dead_code	src/video_core/src/renderer_vulkan/state_tracker.rs	358	method `exchange_check` is never used	CONFIRMED_PARITY_DEBT	exchange_check:8	video_core/renderer_vulkan/vk_state_tracker.cpp;video_core/renderer_vulkan/vk_state_tracker.h	Matching symbol is used by the corresponding Eden file but unconsumed in Ruzu.
dead_code	src/video_core/src/renderer_vulkan/swapchain.rs	160	field `graphics_queue` is never read	PORT_DEBT_OR_RENAMED	graphics_queue:0	video_core/renderer_vulkan/vk_swapchain.cpp;video_core/renderer_vulkan/vk_swapchain.h	Counterpart exists, but direct normalized symbol matching did not prove a live Eden use; manual ownership review retained.
dead_code	src/video_core/src/renderer_vulkan/texture_cache.rs	1667	field `compute_pass_descriptor_queue` is never read	CONFIRMED_PARITY_DEBT	compute_pass_descriptor_queue:6	video_core/renderer_vulkan/vk_texture_cache.cpp;video_core/renderer_vulkan/vk_texture_cache.h;video_core/renderer_vulkan/vk_texture_cache_base.cpp	Matching symbol is used by the corresponding Eden file but unconsumed in Ruzu.
dead_code	src/video_core/src/renderer_vulkan/texture_cache.rs	4006	method `image_up_to_date` is never used	PORT_DEBT_OR_RENAMED	image_up_to_date:0	video_core/renderer_vulkan/vk_texture_cache.cpp;video_core/renderer_vulkan/vk_texture_cache.h;video_core/renderer_vulkan/vk_texture_cache_base.cpp	Counterpart exists, but direct normalized symbol matching did not prove a live Eden use; manual ownership review retained.
dead_code	src/video_core/src/renderer_vulkan/update_descriptor.rs	85	field `device` is never read	CONFIRMED_PARITY_DEBT	device:9	video_core/renderer_vulkan/vk_update_descriptor.cpp;video_core/renderer_vulkan/vk_update_descriptor.h	Matching symbol is used by the corresponding Eden file but unconsumed in Ruzu.
dead_code	src/video_core/src/renderer_vulkan/vk_rasterizer.rs	482	fields `device_memory`, `memory_allocator`, `descriptor_pool`, `fallback_uniform_mapped`, `render_pass_cache`, and `has_null_descriptor` are never read	MIXED_OWNERSHIP_AND_PARITY	device_memory:10,memory_allocator:13,descriptor_pool:8,fallback_uniform_mapped:0,render_pass_cache:5,has_null_descriptor:0	video_core/renderer_vulkan/vk_rasterizer.cpp;video_core/renderer_vulkan/vk_rasterizer.h	Box/Arc owners preserve pointer validity; raw cached pointer/capability fields are redundant or not yet consumed.
dead_code	src/video_core/src/renderer_vulkan/vk_rasterizer.rs	3986	function `map_topology` is never used	PORT_DEBT_OR_RENAMED	map_topology:0	video_core/renderer_vulkan/vk_rasterizer.cpp;video_core/renderer_vulkan/vk_rasterizer.h	Counterpart exists, but direct normalized symbol matching did not prove a live Eden use; manual ownership review retained.
dead_code	src/video_core/src/renderer_vulkan/vk_rasterizer.rs	3998	function `map_cull_mode` is never used	PORT_DEBT_OR_RENAMED	map_cull_mode:0	video_core/renderer_vulkan/vk_rasterizer.cpp;video_core/renderer_vulkan/vk_rasterizer.h	Counterpart exists, but direct normalized symbol matching did not prove a live Eden use; manual ownership review retained.
dead_code	src/video_core/src/renderer_vulkan/vk_rasterizer.rs	4011	function `map_front_face` is never used	PORT_DEBT_OR_RENAMED	map_front_face:0	video_core/renderer_vulkan/vk_rasterizer.cpp;video_core/renderer_vulkan/vk_rasterizer.h	Counterpart exists, but direct normalized symbol matching did not prove a live Eden use; manual ownership review retained.
dead_code	src/video_core/src/renderer_vulkan/vk_rasterizer.rs	4018	function `map_compare_op` is never used	PORT_DEBT_OR_RENAMED	map_compare_op:0	video_core/renderer_vulkan/vk_rasterizer.cpp;video_core/renderer_vulkan/vk_rasterizer.h	Counterpart exists, but direct normalized symbol matching did not prove a live Eden use; manual ownership review retained.
dead_code	src/video_core/src/renderer_vulkan/vk_rasterizer.rs	4031	function `map_blend_factor` is never used	PORT_DEBT_OR_RENAMED	map_blend_factor:0	video_core/renderer_vulkan/vk_rasterizer.cpp;video_core/renderer_vulkan/vk_rasterizer.h	Counterpart exists, but direct normalized symbol matching did not prove a live Eden use; manual ownership review retained.
dead_code	src/video_core/src/renderer_vulkan/vk_rasterizer.rs	4055	function `map_blend_equation` is never used	PORT_DEBT_OR_RENAMED	map_blend_equation:0	video_core/renderer_vulkan/vk_rasterizer.cpp;video_core/renderer_vulkan/vk_rasterizer.h	Counterpart exists, but direct normalized symbol matching did not prove a live Eden use; manual ownership review retained.
dead_code	src/video_core/src/renderer_vulkan/vk_rasterizer.rs	4360	function `null_buffer_descriptor` is never used	PORT_DEBT_OR_RENAMED	null_buffer_descriptor:0	video_core/renderer_vulkan/vk_rasterizer.cpp;video_core/renderer_vulkan/vk_rasterizer.h	Counterpart exists, but direct normalized symbol matching did not prove a live Eden use; manual ownership review retained.
dead_code	src/video_core/src/texture_cache/decode_bc.rs	419	function `decode_bc1_block` is never used	PORT_DEBT_OR_RENAMED	decode_bc1_block:0	video_core/texture_cache/decode_bc.cpp;video_core/texture_cache/decode_bc.h	Counterpart exists, but direct normalized symbol matching did not prove a live Eden use; manual ownership review retained.
dead_code	src/video_core/src/texture_cache/texture_cache.rs	81	methods `find_or_insert_image`, `find_image`, `find_image_with_caps`, and `insert_image` are never used	CONFIRMED_PARITY_DEBT	find_or_insert_image:8,find_image:5,find_image_with_caps:0,insert_image:5	video_core/texture_cache/texture_cache.cpp;video_core/texture_cache/texture_cache.h;video_core/texture_cache/texture_cache_base.h	Matching symbol is used by the corresponding Eden file but unconsumed in Ruzu.
dead_code	src/video_core/src/texture_cache/texture_cache_base.rs	691	constant `GC_EMERGENCY_COUNTS` is never used	PORT_DEBT_OR_RENAMED	GC_EMERGENCY_COUNTS:1	video_core/texture_cache/texture_cache_base.h	Counterpart exists, but direct normalized symbol matching did not prove a live Eden use; manual ownership review retained.
dead_code	src/video_core/src/texture_cache/texture_cache_base.rs	693	constant `UNSET_CHANNEL` is never used	PORT_DEBT_OR_RENAMED	UNSET_CHANNEL:1	video_core/texture_cache/texture_cache_base.h	Counterpart exists, but direct normalized symbol matching did not prove a live Eden use; manual ownership review retained.
dead_code	src/video_core/src/vulkan_common/vulkan_memory_allocator.rs	162	field `mapped_ptr` is never read	CONFIRMED_PARITY_DEBT	mapped_ptr:16	video_core/vulkan_common/vulkan_memory_allocator.cpp;video_core/vulkan_common/vulkan_memory_allocator.h	Matching symbol is used by the corresponding Eden file but unconsumed in Ruzu.
dead_code	src/video_core/src/vulkan_common/vulkan_memory_allocator.rs	330	field `mapped_ptr` is never read	CONFIRMED_PARITY_DEBT	mapped_ptr:16	video_core/vulkan_common/vulkan_memory_allocator.cpp;video_core/vulkan_common/vulkan_memory_allocator.h	Matching symbol is used by the corresponding Eden file but unconsumed in Ruzu.
dead_code	src/video_core/src/vulkan_common/vulkan_memory_allocator.rs	551	field `buffer_image_granularity` is never read	CONFIRMED_PARITY_DEBT	buffer_image_granularity:3	video_core/vulkan_common/vulkan_memory_allocator.cpp;video_core/vulkan_common/vulkan_memory_allocator.h	Matching symbol is used by the corresponding Eden file but unconsumed in Ruzu.
dead_code	src/ruzu_cmd/src/main.rs	178	function `on_state_changed` is never used	FRONTEND_DEAD_OR_UNWIRED	on_state_changed:0		Ruzu frontend-specific symbol; no one-to-one Eden core owner.
dead_code	src/ruzu_cmd/src/main.rs	192	function `on_network_error` is never used	FRONTEND_DEAD_OR_UNWIRED	on_network_error:0		Ruzu frontend-specific symbol; no one-to-one Eden core owner.
dead_code	src/ruzu_cmd/src/main.rs	241	function `on_message_received` is never used	FRONTEND_DEAD_OR_UNWIRED	on_message_received:0		Ruzu frontend-specific symbol; no one-to-one Eden core owner.
dead_code	src/ruzu_cmd/src/main.rs	248	function `on_status_message_received` is never used	FRONTEND_DEAD_OR_UNWIRED	on_status_message_received:0		Ruzu frontend-specific symbol; no one-to-one Eden core owner.
dead_code	src/ruzu_cmd/src/sdl_config.rs	188	field `config_path` is never read	FRONTEND_DEAD_OR_UNWIRED	config_path:0		Ruzu frontend-specific symbol; no one-to-one Eden core owner.
dead_code	src/ruzu/src/configuration/configure_system.rs	551	function `days_from_civil` is never used	FRONTEND_DEAD_OR_UNWIRED	days_from_civil:0		Ruzu frontend-specific symbol; no one-to-one Eden core owner.
dead_code	src/ruzu/src/configuration/controller_outlines.rs	144	constant `SYMBOL_CHARGING` is never used	FRONTEND_DEAD_OR_UNWIRED	SYMBOL_CHARGING:0		Ruzu frontend-specific symbol; no one-to-one Eden core owner.
dead_code	src/ruzu/src/configuration/controller_preview.rs	53	fields `led_on` and `charging` are never read	FRONTEND_DEAD_OR_UNWIRED	led_on:0,charging:0		Ruzu frontend-specific symbol; no one-to-one Eden core owner.
dead_code	src/ruzu/src/configuration/controller_preview.rs	261	variant `None` is never constructed	FRONTEND_DEAD_OR_UNWIRED	None:0		Ruzu frontend-specific symbol; no one-to-one Eden core owner.
dead_code	src/ruzu/src/configuration/shared_translation.rs	294	constant `CONSOLE_MODE` is never used	FRONTEND_DEAD_OR_UNWIRED	CONSOLE_MODE:0		Ruzu frontend-specific symbol; no one-to-one Eden core owner.
dead_code	src/ruzu/src/configuration/shared_widget.rs	280	function `index_of` is never used	FRONTEND_DEAD_OR_UNWIRED	index_of:0		Ruzu frontend-specific symbol; no one-to-one Eden core owner.
dead_code	src/ruzu/src/emu_window.rs	34	field `window_info` is never read	FRONTEND_DEAD_OR_UNWIRED	window_info:0		Ruzu frontend-specific symbol; no one-to-one Eden core owner.
dead_code	src/ruzu/src/emu_window.rs	41	methods `window_info`, `set_shown`, and `update_framebuffer_layout` are never used	FRONTEND_DEAD_OR_UNWIRED	window_info:0,set_shown:0,update_framebuffer_layout:0		Ruzu frontend-specific symbol; no one-to-one Eden core owner.
dead_code	src/ruzu/src/multiplayer/message.rs	28	multiple associated constants are never used	FRONTEND_DEAD_OR_UNWIRED			Ruzu frontend-specific symbol; no one-to-one Eden core owner.
